,hub_id,costValue,costCurrency,sizeConvertedValue,primarypractice,primary_discipline,stage2,costName,city,state_abbr,country,constructionStart,services,normal_cost
0,62435ef429533700134a023c,172000000.0,USD,15329.0,Science and Technology,AI,Under Construction,Construction,New York,New York,United States of America,2024,"Architecture, Interior Design",150078431.37254903
1,62435ef429533700134a023c,172000000.0,USD,15514.80768,Science and Technology,AI,Under Construction,Construction,New York,New York,United States of America,2024,"Architecture, Interior Design",150078431.37254903
2,60f841f2b6d82e00146df034,6000000.0,USD,11148.0,Workplace,AI,Completed - Built,Phase 3 Construction,Atlanta,Georgia,United States of America,2020,Interior Design,11010309.278350515
3,60f841f2b6d82e00146df034,6000000.0,USD,11148.3648,Workplace,AI,Completed - Built,Phase 3 Construction,Atlanta,Georgia,United States of America,2020,Interior Design,11010309.278350515
4,60f841f2b6d82e00146df034,12000000.0,USD,11148.0,Workplace,AI,Completed - Built,Phase 1 Construction,Atlanta,Georgia,United States of America,2020,Interior Design,22020618.55670103
5,60f841f2b6d82e00146df034,12000000.0,USD,11148.3648,Workplace,AI,Completed - Built,Phase 1 Construction,Atlanta,Georgia,United States of America,2020,Interior Design,22020618.55670103
6,60f841f2b6d82e00146df034,6000000.0,USD,11148.0,Workplace,AI,Completed - Built,Phase 2 Construction,Atlanta,Georgia,United States of America,2020,Interior Design,11010309.278350515
7,60f841f2b6d82e00146df034,6000000.0,USD,11148.3648,Workplace,AI,Completed - Built,Phase 2 Construction,Atlanta,Georgia,United States of America,2020,Interior Design,11010309.278350515
8,6189499266e8f60014aebb92,2500000.0,USD,1396.0,Workplace,AI,Completed - Built,Construction Costs,Washington DC,District of Columbia,United States of America,2022,Interior Design,3677685.9504132234
9,6189499266e8f60014aebb92,2500000.0,USD,1396.0,Workplace,AI,Completed - Built,Construction Costs,Washington DC,District of Columbia,United States of America,2022,Interior Design,3677685.9504132234
10,6189499266e8f60014aebb92,2500000.0,USD,161695.4623,Workplace,AI,Completed - Built,Construction Costs,Washington DC,District of Columbia,United States of America,2022,Interior Design,3677685.9504132234
11,6189499266e8f60014aebb92,2500000.0,USD,1396.0,Workplace,AI,Completed - Built,Construction,Washington DC,District of Columbia,United States of America,2022,Interior Design,3677685.9504132234
12,6189499266e8f60014aebb92,2500000.0,USD,1396.0,Workplace,AI,Completed - Built,Construction,Washington DC,District of Columbia,United States of America,2022,Interior Design,3677685.9504132234
13,6189499266e8f60014aebb92,2500000.0,USD,161695.4623,Workplace,AI,Completed - Built,Construction,Washington DC,District of Columbia,United States of America,2022,Interior Design,3677685.9504132234
14,6101a235e5d97c001339c495,335000000.0,USD,34746.0,Health,AI,Completed - Built,Jackson West,Miami,Florida,United States of America,2021,"Architecture, Interior Design, Landscape Architecture",598294314.3812709
15,6101a235e5d97c001339c495,335000000.0,USD,56206.3392,Health,AI,Completed - Built,Jackson West,Miami,Florida,United States of America,2021,"Architecture, Interior Design, Landscape Architecture",598294314.3812709
16,6101a235e5d97c001339c495,335000000.0,USD,26477.3664,Health,AI,Completed - Built,Jackson West,Miami,Florida,United States of America,2021,"Architecture, Interior Design, Landscape Architecture",598294314.3812709
17,610ab05553bbb300146dfcf0,23253816.0,USD,2880.0,Science and Technology,AI,Completed - Built,PR1,Riverside,California,United States of America,2021,Architecture,32506643.308900524
18,610ab05553bbb300146dfcf0,23253816.0,USD,2863.922014,Science and Technology,AI,Completed - Built,PR1,Riverside,California,United States of America,2021,Architecture,32506643.308900524
19,6101a235e5d97c001339c495,335000000.0,USD,29728.9728,Health,AI,Completed - Built,Jackson West,Miami,Florida,United States of America,2021,"Architecture, Interior Design, Landscape Architecture",598294314.3812709
20,6101a235e5d97c001339c495,335000000.0,USD,58529.0,Health,AI,Completed - Built,Jackson West,Miami,Florida,United States of America,2021,"Architecture, Interior Design, Landscape Architecture",598294314.3812709
21,5fb825f7967d7c00133054e3,82200000.0,USD,18766.0,Higher Education,AI,Completed - Built,Construction Cost,Minneapolis,Minnesota,United States of America,2020,"Architecture, Interior Design, Landscape Architecture",119279347.82608695
22,5fb825f7967d7c00133054e3,82200000.0,USD,12820.61952,Higher Education,AI,Completed - Built,Construction Cost,Minneapolis,Minnesota,United States of America,2020,"Architecture, Interior Design, Landscape Architecture",119279347.82608695
23,5fb825f7967d7c00133054e3,82200000.0,USD,4645.152,Higher Education,AI,Completed - Built,Construction Cost,Minneapolis,Minnesota,United States of America,2020,"Architecture, Interior Design, Landscape Architecture",119279347.82608695
24,61804f3eecdc49001344a918,80500000.0,USD,18437.0,Corporate and Commercial,AI,Completed - Built,Construction Cost,Seattle,WA,US,2021,Architecture,96817567.56756757
25,61804f3eecdc49001344a918,80500000.0,USD,2347.0,Corporate and Commercial,AI,Completed - Built,Construction Cost,Seattle,WA,US,2021,Architecture,96817567.56756757
26,60ad782e3e99a500141b8892,68000000.0,USD,28335.0,Corporate and Commercial,AI,Completed - Built,Construction Cost,Dallas,Texas,United States of America,2020,Architecture,121852348.99328859
27,60ad782e3e99a500141b8892,68000000.0,USD,27870.912,Corporate and Commercial,AI,Completed - Built,Construction Cost,Dallas,Texas,United States of America,2020,Architecture,121852348.99328859
28,60afab166e3a2f0013535bbb,10500000.0,USD,2399.0,Cultural and Civic,AI,Completed - Built,Total Construction Cost (Building),Dallas,Texas,United States of America,2021,"Architecture, Interior Design",18752508.361204013
29,60afab166e3a2f0013535bbb,10500000.0,USD,71214.0,Cultural and Civic,AI,Completed - Built,Total Construction Cost (Building),Dallas,Texas,United States of America,2021,"Architecture, Interior Design",18752508.361204013
30,62f2ac26ff7f630013a5667e,500000.0,USD,86.0,Health,AI,Under Construction,Construction,Houston,Texas,United States of America,2023,Architecture,821538.4615384615
31,6243600a2f92a300143d1504,44573369.0,USD,4274.0,Science and Technology,AI,Under Construction,Construction Cost,Boston,Massachusetts,United States of America,2023,"Interior Design, Planning + Strategies",47509339.41317365
32,5ff9eb654b76346c84227b2c,51648355.0,USD,34109.0,Corporate and Commercial,AI,Completed - Built,Construction,Dallas,Texas,United States of America,2019,"Architecture, Interior Design",100291714.8
33,60261bdc8ed3eb0013d48af6,389000000.0,USD,58352.0,Health,AI,Completed - Built,Construction Cost,Charleston,South Carolina,United States of America,2020,"Architecture, Interior Design",639156923.0769231
34,60261bdc8ed3eb0013d48af6,389000000.0,USD,58064.4,Health,AI,Completed - Built,Construction Cost,Charleston,South Carolina,United States of America,2020,"Architecture, Interior Design",639156923.0769231
35,62179e452f92a30014382405,12688000.0,USD,2666.0,Workplace,AI,Completed - Built,Total,Chicago,Illinois,United States of America,2022,Interior Design,14056829.875518672
36,62179e452f92a30014382405,12688000.0,USD,2666.317248,Workplace,AI,Completed - Built,Total,Chicago,Illinois,United States of America,2022,Interior Design,14056829.875518672
37,62179e452f92a30014382405,9758000.0,USD,2666.0,Workplace,AI,Completed - Built,Construction,Chicago,Illinois,United States of America,2022,Interior Design,10810730.290456431
38,60f5dc92b6d82e00146d6c72,104516000.0,USD,33445.0,Workplace,AI,Completed - Built,Construction,New York,New York,United States of America,2021,"Interior Design, Planning and Strategies",105503863.89413989
39,6127646a66e8f600149e2e26,40000000.0,USD,18033.0,Corporate and Commercial,AI,Design,Estimated,Miami,Florida,United States of America,2024,"Architecture, Interior Design",58681318.68131868
40,61782685918a660014e2ef43,19000000.0,USD,8036.0,Workplace,AI,Completed - Built,Total Construction Cost,Charlotte,North Carolina,United States of America,2021,"Branded Environments, Interior Design",34046979.865771815
41,60da4ae5aa67fc0014a31a37,28000000.0,USD,4088.0,Sports Recreation and Entertainment,AI,Completed - Built,Total,Jackson,Wyoming,United States of America,2023,"Architecture, Interior Design",45865030.67484663
42,60da4ae5aa67fc0014a31a37,28000000.0,USD,4088.0,Sports Recreation and Entertainment,AI,Completed - Built,Total,Jackson,Wyoming,United States of America,2023,"Architecture, Interior Design",45865030.67484663
43,5ff9eb664b76346c8423bd98,13049590.0,USD,8295.0,Corporate and Commercial,AI,Completed,Construction,Columbia,South Carolina,United States of America,2022,Architecture,21310339.633027524
44,5ff9eb664b76346c8423bd98,13049590.0,USD,6921.0,Corporate and Commercial,AI,Completed,Construction,Columbia,South Carolina,United States of America,2022,Architecture,21310339.633027524
45,5ff9eb664b76346c8423bd98,13049590.0,USD,1374.0,Corporate and Commercial,AI,Completed,Construction,Columbia,South Carolina,United States of America,2022,Architecture,21310339.633027524
46,62f2bdd9ff7f630013a57034,4000000.0,USD,1486.0,Health,AI,Under Construction,Construction,Houston,TX,US,2022,"Architecture, Interior Design, Planning and Strategies",6868167.202572348
47,62179e452f92a30014382405,9758000.0,USD,2666.317248,Workplace,AI,Completed - Built,Construction,Chicago,Illinois,United States of America,2022,Interior Design,10810730.290456431
48,60e7094b4f87f000144f462c,29000000.0,USD,5203.0,Higher Education,AI,Completed - Built,HUB,Houston,Texas,United States of America,2022,"Architecture, Interior Design",49794212.218649514
49,60e7094b4f87f000144f462c,29000000.0,USD,5202.57024,Higher Education,AI,Completed - Built,HUB,Houston,Texas,United States of America,2022,"Architecture, Interior Design",49794212.218649514
50,6243600a2f92a300143d1504,44573369.0,USD,6503.0,Science and Technology,AI,Under Construction,Construction Cost,Boston,Massachusetts,United States of America,2023,"Interior Design, Planning + Strategies",47509339.41317365
51,60e7094b4f87f000144f462c,32000000.0,USD,5203.0,Higher Education,AI,Completed - Built,Construction,Houston,Texas,United States of America,2022,"Architecture, Interior Design",54945337.62057878
52,60e7094b4f87f000144f462c,32000000.0,USD,5202.57024,Higher Education,AI,Completed - Built,Construction,Houston,Texas,United States of America,2022,"Architecture, Interior Design",54945337.62057878
53,60f5dc92b6d82e00146d6c72,104516000.0,USD,13935.456,Workplace,AI,Completed - Built,Construction,New York,New York,United States of America,2021,"Interior Design, Planning and Strategies",105503863.89413989
54,60930dea5bfc1200134cf6de,63138286.0,USD,18168.0,Science and Technology,AI,Completed - Built,Construction,Seattle,Washington,United States of America,2021,Architecture,75936587.21621622
55,60250def2c718c001493f94e,77496654.0,USD,19881.0,Corporate and Commercial,AI,Completed - Built,Construction Cost,San Francisco,California,United States of America,2019,Architecture,90356360.77729258
56,60250def2c718c001493f94e,77496654.0,USD,21367.6992,Corporate and Commercial,AI,Completed - Built,Construction Cost,San Francisco,California,United States of America,2019,Architecture,90356360.77729258
57,61782685918a660014e2ef43,19000000.0,USD,51096.672,Workplace,AI,Completed - Built,Total Construction Cost,Charlotte,North Carolina,United States of America,2021,"Branded Environments, Interior Design",34046979.865771815
58,60250def2c718c001493f94e,77496654.0,USD,19881.0,Corporate and Commercial,AI,Completed - Built,Construction Cost,San Francisco,California,United States of America,2019,Architecture,90356360.77729258
59,60250def2c718c001493f94e,77496654.0,USD,21367.6992,Corporate and Commercial,AI,Completed - Built,Construction Cost,San Francisco,California,United States of America,2019,Architecture,90356360.77729258
60,5ff9eb664b76346c8422ce76,38500000.0,USD,6178.0,K-12 Education,AI,In Progress,Phase 1,Austin,Texas,United States of America,2020,"Architecture, Interior Design",68530000.0
61,5ff9eb664b76346c8422ce76,38500000.0,USD,7335.0,K-12 Education,AI,In Progress,Phase 1,Austin,Texas,United States of America,2020,"Architecture, Interior Design",68530000.0
62,5ff9eb664b76346c8422ce76,38500000.0,USD,2973.0,K-12 Education,AI,In Progress,Phase 1,Austin,Texas,United States of America,2020,"Architecture, Interior Design",68530000.0
63,5ff9eb664b76346c8422ce76,38500000.0,USD,6828.0,K-12 Education,AI,In Progress,Phase 1,Austin,Texas,United States of America,2020,"Architecture, Interior Design",68530000.0
64,5ff9eb664b76346c8422ce76,38500000.0,USD,6178.05216,K-12 Education,AI,In Progress,Phase 1,Austin,Texas,United States of America,2020,"Architecture, Interior Design",68530000.0
65,5ff9eb664b76346c8422ce76,38500000.0,USD,2972.89728,K-12 Education,AI,In Progress,Phase 1,Austin,Texas,United States of America,2020,"Architecture, Interior Design",68530000.0
66,5ff9eb664b76346c8422ce76,38500000.0,USD,7334.695008,K-12 Education,AI,In Progress,Phase 1,Austin,Texas,United States of America,2020,"Architecture, Interior Design",68530000.0
67,5ff9eb664b76346c8422ce76,38500000.0,USD,6828.37344,K-12 Education,AI,In Progress,Phase 1,Austin,Texas,United States of America,2020,"Architecture, Interior Design",68530000.0
68,5ff9eb664b76346c8422ce76,39300000.0,USD,6178.0,K-12 Education,AI,In Progress,Phase 2,Austin,Texas,United States of America,2020,"Architecture, Interior Design",69954000.0
69,5ff9eb664b76346c8422ce76,39300000.0,USD,7335.0,K-12 Education,AI,In Progress,Phase 2,Austin,Texas,United States of America,2020,"Architecture, Interior Design",69954000.0
70,5ff9eb664b76346c8422ce76,39300000.0,USD,2973.0,K-12 Education,AI,In Progress,Phase 2,Austin,Texas,United States of America,2020,"Architecture, Interior Design",69954000.0
71,5ff9eb664b76346c8422ce76,39300000.0,USD,6828.0,K-12 Education,AI,In Progress,Phase 2,Austin,Texas,United States of America,2020,"Architecture, Interior Design",69954000.0
72,5ff9eb664b76346c8422ce76,39300000.0,USD,6178.05216,K-12 Education,AI,In Progress,Phase 2,Austin,Texas,United States of America,2020,"Architecture, Interior Design",69954000.0
73,5ff9eb664b76346c8422ce76,39300000.0,USD,2972.89728,K-12 Education,AI,In Progress,Phase 2,Austin,Texas,United States of America,2020,"Architecture, Interior Design",69954000.0
74,5ff9eb664b76346c8422ce76,39300000.0,USD,7334.695008,K-12 Education,AI,In Progress,Phase 2,Austin,Texas,United States of America,2020,"Architecture, Interior Design",69954000.0
75,5ff9eb664b76346c8422ce76,39300000.0,USD,6828.37344,K-12 Education,AI,In Progress,Phase 2,Austin,Texas,United States of America,2020,"Architecture, Interior Design",69954000.0
76,5fd3f936f79a0400132781c0,85000000.0,USD,2415.0,Health,AI,Under Construction,Construction Cost,new york,New York,United States of America,2021,"Architecture, Interior Design, Branded Environments",85803402.64650284
77,5fd3f936f79a0400132781c0,85000000.0,USD,1022.0,Health,AI,Under Construction,Construction Cost,new york,New York,United States of America,2021,"Architecture, Interior Design, Branded Environments",85803402.64650284
78,61143bececdc49001333807e,37300000.0,USD,10860.0,Higher Education,AI,Completed - Built,UC HSB,Cincinnati,Ohio,United States of America,2019,"Architecture, Interior Design",68921107.26643598
79,61143bececdc49001333807e,37300000.0,USD,10219.3344,Higher Education,AI,Completed - Built,UC HSB,Cincinnati,Ohio,United States of America,2019,"Architecture, Interior Design",68921107.26643598
80,61143bececdc49001333807e,37300000.0,USD,10860.0,Higher Education,AI,Completed - Built,University of Cincinnati Health Sciences Bldg,Cincinnati,Ohio,United States of America,2019,"Architecture, Interior Design",68921107.26643598
81,61143bececdc49001333807e,37300000.0,USD,10219.3344,Higher Education,AI,Completed - Built,University of Cincinnati Health Sciences Bldg,Cincinnati,Ohio,United States of America,2019,"Architecture, Interior Design",68921107.26643598
82,5fb433cf7cd50f00147daf7a,120000000.0,USD,10219.0,Corporate and Commercial,AI,Completed - Built,Construction Cost,Boston,Massachusetts,United States of America,2023,"Architecture, Interior Design",127904191.61676647
83,60251b9b9fbd6700134a892c,160000000.0,USD,50353.0,Corporate and Commercial,AI,Completed - Built,Construction Cost,Dallas,Texas,United States of America,2019,Architecture,310690909.09090906
84,5fb57fcfce395d001317e8af,250.0,USD,557.0,Other,PS,Completed - Built,Construction Cost,Los Angeles,California,United States of America,2020,"Interior Design, Planning and Strategies",333.75
85,5fb433cf7cd50f00147daf7a,120000000.0,USD,10312.0,Corporate and Commercial,AI,Completed - Built,Construction Cost,Boston,Massachusetts,United States of America,2023,"Architecture, Interior Design",127904191.61676647
86,5fb433cf7cd50f00147daf7a,120000000.0,USD,10219.3344,Corporate and Commercial,AI,Completed - Built,Construction Cost,Boston,Massachusetts,United States of America,2023,"Architecture, Interior Design",127904191.61676647
87,60251b9b9fbd6700134a892c,160000000.0,USD,43664.4288,Corporate and Commercial,AI,Completed - Built,Construction Cost,Dallas,Texas,United States of America,2019,Architecture,310690909.09090906
88,60251b9b9fbd6700134a892c,160000.0,USD,50353.0,Corporate and Commercial,AI,Completed - Built,Construction,Dallas,Texas,United States of America,2019,Architecture,310690.9090909091
89,60251b9b9fbd6700134a892c,160000.0,USD,43664.4288,Corporate and Commercial,AI,Completed - Built,Construction,Dallas,Texas,United States of America,2019,Architecture,310690.9090909091
90,5fb433cf7cd50f00147daf7a,120000000.0,USD,10219.0,Corporate and Commercial,AI,Completed - Built,Construction,Boston,Massachusetts,United States of America,2023,"Architecture, Interior Design",127904191.61676647
91,5fb433cf7cd50f00147daf7a,120000000.0,USD,10312.0,Corporate and Commercial,AI,Completed - Built,Construction,Boston,Massachusetts,United States of America,2023,"Architecture, Interior Design",127904191.61676647
92,5ff9eb654b76346c84227b2c,51648355.0,USD,34108.88662,Corporate and Commercial,AI,Completed - Built,Construction,Dallas,Texas,United States of America,2019,"Architecture, Interior Design",100291714.8
93,61086018d344630014d59fb2,7500000.0,USD,232.0,Sports Recreation and Entertainment,AI,Completed - Built,Construction,Denver,Colorado,United States of America,2021,Architecture,13003246.753246753
94,616dc36c66e8f60014a8c554,578092.0,USD,26415.0,Workplace,AI,Completed - Built,Sound Masking,Houston,Texas,United States of America,2021,"Branded Environments, Interior Design",1083161.852631579
95,616dc36c66e8f60014a8c554,578092.0,USD,26477.3664,Workplace,AI,Completed - Built,Sound Masking,Houston,Texas,United States of America,2021,"Branded Environments, Interior Design",1083161.852631579
96,616dc36c66e8f60014a8c554,10708000.0,USD,26415.0,Workplace,AI,Completed - Built,Furniture,Houston,Texas,United States of America,2021,"Branded Environments, Interior Design",20063410.52631579
97,616dc36c66e8f60014a8c554,10708000.0,USD,26477.3664,Workplace,AI,Completed - Built,Furniture,Houston,Texas,United States of America,2021,"Branded Environments, Interior Design",20063410.52631579
98,616dc36c66e8f60014a8c554,350000.0,USD,26415.0,Workplace,AI,Completed - Built,Peterbuilt Truck Cab Exhibit,Houston,Texas,United States of America,2021,"Branded Environments, Interior Design",655789.4736842106
99,616dc36c66e8f60014a8c554,350000.0,USD,26477.3664,Workplace,AI,Completed - Built,Peterbuilt Truck Cab Exhibit,Houston,Texas,United States of America,2021,"Branded Environments, Interior Design",655789.4736842106
100,616dc36c66e8f60014a8c554,90000.0,USD,26415.0,Workplace,AI,Completed - Built,CAT Simulator,Houston,Texas,United States of America,2021,"Branded Environments, Interior Design",168631.57894736843
101,616dc36c66e8f60014a8c554,90000.0,USD,26477.3664,Workplace,AI,Completed - Built,CAT Simulator,Houston,Texas,United States of America,2021,"Branded Environments, Interior Design",168631.57894736843
102,616dc36c66e8f60014a8c554,5402172.0,USD,26415.0,Workplace,AI,Completed - Built,9-story stair & Living Wall,Houston,Texas,United States of America,2021,"Branded Environments, Interior Design",10121964.378947368
103,616dc36c66e8f60014a8c554,5402172.0,USD,26477.3664,Workplace,AI,Completed - Built,9-story stair & Living Wall,Houston,Texas,United States of America,2021,"Branded Environments, Interior Design",10121964.378947368
104,616dc36c66e8f60014a8c554,42881579.0,USD,26415.0,Workplace,AI,Completed - Built,Construction Cost,Houston,Texas,United States of America,2021,"Branded Environments, Interior Design",80346537.49473684
105,616dc36c66e8f60014a8c554,42881579.0,USD,26477.3664,Workplace,AI,Completed - Built,Construction Cost,Houston,Texas,United States of America,2021,"Branded Environments, Interior Design",80346537.49473684
106,616dc36c66e8f60014a8c554,7559014.0,USD,26415.0,Workplace,AI,Completed - Built,Audio Visual,Houston,Texas,United States of America,2021,"Branded Environments, Interior Design",14163205.178947369
107,616dc36c66e8f60014a8c554,7559014.0,USD,26477.3664,Workplace,AI,Completed - Built,Audio Visual,Houston,Texas,United States of America,2021,"Branded Environments, Interior Design",14163205.178947369
108,602510d82c718c001493f953,13000000.0,USD,3530.0,Corporate and Commercial,AI,Under Construction,Construction Cost,Los Angeles,California,United States of America,2021,"Architecture, Interior Design",16528571.42857143
109,602510d82c718c001493f953,13000000.0,USD,3553.076765,Corporate and Commercial,AI,Under Construction,Construction Cost,Los Angeles,California,United States of America,2021,"Architecture, Interior Design",16528571.42857143
110,5fb433cf7cd50f00147daf7a,120000000.0,USD,10219.3344,Corporate and Commercial,AI,Completed - Built,Construction,Boston,Massachusetts,United States of America,2023,"Architecture, Interior Design",127904191.61676647
111,60dc9c896cccb20013d6a5ac,65600000.0,USD,4425.0,Health,AI,Completed - Unbuilt,Construction,Worcester,Massachusetts,United States of America,2023,"Architecture, Interior Design",76821052.63157895
112,60dc9c896cccb20013d6a5ac,65600000.0,USD,6783.222563,Health,AI,Completed - Unbuilt,Construction,Worcester,Massachusetts,United States of America,2023,"Architecture, Interior Design",76821052.63157895
113,62ea8c7629533700135fe169,5000000000.0,USD,224825.0,Health,AI,Design,Total Project Cost,Dallas,Texas,United States of America,2025,"Architecture, Interior Design, Planning and Strategies, FF&E",7585227272.727273
114,62ea8c7629533700135fe169,5000000000.0,USD,224825.0,Health,AI,Design,Total Project Cost,Dallas,Texas,United States of America,2025,"Architecture, Interior Design, Planning and Strategies, FF&E",7585227272.727273
115,62ea8c7629533700135fe169,3336700000.0,USD,224825.0,Health,AI,Design,Construction Budget,Dallas,Texas,United States of America,2025,"Architecture, Interior Design, Planning and Strategies, FF&E",5061925568.181818
116,62ea8c7629533700135fe169,3336700000.0,USD,224825.0,Health,AI,Design,Construction Budget,Dallas,Texas,United States of America,2025,"Architecture, Interior Design, Planning and Strategies, FF&E",5061925568.181818
117,5ff9eb664b76346c8422a7a3,14250000.0,USD,6689.0,Workplace,AI,Completed - Built,Construction,Boston,Massachusetts,United States of America,2022,"Interior Design, FF&E, Planning + Strategies",15886221.294363257
118,62bdcc89bdec1e98536256bc,156264542.0,USD,41806.0,Health,AI,In Progress,Ambulatory Building,Dallas,Texas,United States of America,2025,"Architecture, Interior Design, Planning + Strategies",237060413.14772728
119,608c502068d45a0013017b39,364000000.0,USD,59550.84864,Higher Education,AI,Completed - Built,Total,San Francisco,California,United States of America,2020,"Architecture, Interior Design",415333333.3333333
120,5fce8846f79a040013277c22,48000000.0,USD,24907.0,Corporate and Commercial,AI,Completed - Design only,Construction Cost,Atlanta,Georgia,United States of America,2022,"Architecture, Urban Design, Landscape Architecture",74295652.17391305
121,5fce8846f79a040013277c22,34350000.0,USD,24907.0,Corporate and Commercial,AI,Completed - Design only,950 West Marietta,Atlanta,Georgia,United States of America,2022,"Architecture, Urban Design, Landscape Architecture",53167826.08695652
122,5ff9eb654b76346c842277b8,33000000.0,USD,22027.0,K-12 Education,AI,Completed - Built,Construction,Dallas,Texas,United States of America,2019,"Architecture, Interior Design, Branded Environments",64080000.0
123,5ff9eb654b76346c842277b8,33000000.0,USD,22027.0,K-12 Education,AI,Completed - Built,Construction,Dallas,Texas,United States of America,2019,"Architecture, Interior Design, Branded Environments",64080000.0
124,5ff9eb654b76346c842277b8,33000000.0,USD,17050.03042,K-12 Education,AI,Completed - Built,Construction,Dallas,Texas,United States of America,2019,"Architecture, Interior Design, Branded Environments",64080000.0
125,5ff9eb654b76346c842277b8,33000000.0,USD,3251.6064,K-12 Education,AI,Completed - Built,Construction,Dallas,Texas,United States of America,2019,"Architecture, Interior Design, Branded Environments",64080000.0
126,6025070c2c718c001493f932,1000000.0,USD,83613.0,Corporate and Commercial,AI,Under Construction,Construction Cost,San Francisco,California,United States of America,2021,Architecture,1114822.5469728601
127,6025070c2c718c001493f932,1000000.0,USD,18580.608,Corporate and Commercial,AI,Under Construction,Construction Cost,San Francisco,California,United States of America,2021,Architecture,1114822.5469728601
128,6025070c2c718c001493f932,1000000.0,USD,8547.0,Corporate and Commercial,AI,Under Construction,Construction Cost,San Francisco,California,United States of America,2021,Architecture,1114822.5469728601
129,62bdcc89bdec1e98536256bc,2961000000.0,USD,41806.0,Health,AI,In Progress,Construction,Dallas,Texas,United States of America,2025,"Architecture, Interior Design, Planning + Strategies",4491971590.909091
130,62cf145029533700135bfa7e,175000000.0,USD,27973.0,Cultural and Civic,AI,Completed - Unbuilt,Construction,Austin,Texas,United States of America,2023,"Architecture, Interior Design, Urban Design",256027397.26027396
131,60afef376e3a2f0013535bf7,113343432.0,USD,38183.0,Higher Education,AI,Completed - Built,Primary,Austin,Texas,United States of America,2016,"Architecture, Interior Design, Branded Environments",235507364.54474708
132,60afef376e3a2f0013535bf7,113343432.0,USD,39019.0,Higher Education,AI,Completed - Built,Primary,Austin,Texas,United States of America,2016,"Architecture, Interior Design, Branded Environments",235507364.54474708
133,60afef376e3a2f0013535bf7,113343432.0,USD,26756.0,Higher Education,AI,Completed - Built,Primary,Austin,Texas,United States of America,2016,"Architecture, Interior Design, Branded Environments",235507364.54474708
134,60afef376e3a2f0013535bf7,113343432.0,USD,38183.14944,Higher Education,AI,Completed - Built,Primary,Austin,Texas,United States of America,2016,"Architecture, Interior Design, Branded Environments",235507364.54474708
135,60afef376e3a2f0013535bf7,106886468.0,USD,38183.0,Higher Education,AI,Completed - Built,Construction,Austin,Texas,United States of America,2016,"Architecture, Interior Design, Branded Environments",222090949.07392997
136,60afef376e3a2f0013535bf7,106886468.0,USD,39019.0,Higher Education,AI,Completed - Built,Construction,Austin,Texas,United States of America,2016,"Architecture, Interior Design, Branded Environments",222090949.07392997
137,60afef376e3a2f0013535bf7,106886468.0,USD,26756.0,Higher Education,AI,Completed - Built,Construction,Austin,Texas,United States of America,2016,"Architecture, Interior Design, Branded Environments",222090949.07392997
138,60afef376e3a2f0013535bf7,106886468.0,USD,38183.14944,Higher Education,AI,Completed - Built,Construction,Austin,Texas,United States of America,2016,"Architecture, Interior Design, Branded Environments",222090949.07392997
139,5ff9eb664b76346c8422a7a3,14250000.0,USD,6596.11584,Workplace,AI,Completed - Built,Construction,Boston,Massachusetts,United States of America,2022,"Interior Design, FF&E, Planning + Strategies",15886221.294363257
140,5fb57fcfce395d001317e8af,250.0,USD,464.5152,Other,PS,Completed - Built,Construction Cost,Los Angeles,California,United States of America,2020,"Interior Design, Planning and Strategies",333.75
141,622e41712f92a300143ab14a,43256000.0,USD,2499.0,Corporate and Commercial,AI,Under Construction,Construction,Atlanta,Georgia,United States of America,2022,"Interior Design, Landscape Architecture, FF&E, Architecture",66952765.217391305
142,622e41712f92a300143ab14a,43256000.0,USD,2406.0,Corporate and Commercial,AI,Under Construction,Construction,Atlanta,Georgia,United States of America,2022,"Interior Design, Landscape Architecture, FF&E, Architecture",66952765.217391305
143,602653f52c718c001493faa6,34886174.0,USD,34558.0,Workplace,AI,Completed - Built,Construction Cost,Dallas,Texas,United States of America,2020,Interior Design,62514150.724832214
144,602653f52c718c001493faa6,34886174.0,USD,34557.5154,Workplace,AI,Completed - Built,Construction Cost,Dallas,Texas,United States of America,2020,Interior Design,62514150.724832214
145,60f23b363ebd8c0014fd9a74,80000000.0,USD,5574.0,Health,AI,Completed - Built,Construction,Los Angeles,California,United States of America,2021,"Architecture, Interior Design",101714285.71428572
146,60aff0ae6e3a2f0013535bfb,365500000.0,USD,43260.0,Health,AI,Completed - Built,Construction Cost,Oklahoma City,Oklahoma,United States of America,2020,"Architecture, Interior Design",661616949.1525424
147,60aff0ae6e3a2f0013535bfb,365500000.0,USD,4829.0,Health,AI,Completed - Built,Construction Cost,Oklahoma City,Oklahoma,United States of America,2020,"Architecture, Interior Design",661616949.1525424
148,60aff0ae6e3a2f0013535bfb,365500000.0,USD,4224.0,Health,AI,Completed - Built,Construction Cost,Oklahoma City,Oklahoma,United States of America,2020,"Architecture, Interior Design",661616949.1525424
149,60aff0ae6e3a2f0013535bfb,365500000.0,USD,37337.73178,Health,AI,Completed - Built,Construction Cost,Oklahoma City,Oklahoma,United States of America,2020,"Architecture, Interior Design",661616949.1525424
150,60aff0ae6e3a2f0013535bfb,365500000.0,USD,9002.304576,Health,AI,Completed - Built,Construction Cost,Oklahoma City,Oklahoma,United States of America,2020,"Architecture, Interior Design",661616949.1525424
151,60aff0ae6e3a2f0013535bfb,260000000.0,USD,43260.0,Health,AI,Completed - Built,Ron Stelmarski,Oklahoma City,Oklahoma,United States of America,2020,"Architecture, Interior Design",470644067.7966102
152,60aff0ae6e3a2f0013535bfb,260000000.0,USD,4829.0,Health,AI,Completed - Built,Ron Stelmarski,Oklahoma City,Oklahoma,United States of America,2020,"Architecture, Interior Design",470644067.7966102
153,60aff0ae6e3a2f0013535bfb,260000000.0,USD,4224.0,Health,AI,Completed - Built,Ron Stelmarski,Oklahoma City,Oklahoma,United States of America,2020,"Architecture, Interior Design",470644067.7966102
154,60aff0ae6e3a2f0013535bfb,260000000.0,USD,37337.73178,Health,AI,Completed - Built,Ron Stelmarski,Oklahoma City,Oklahoma,United States of America,2020,"Architecture, Interior Design",470644067.7966102
155,60aff0ae6e3a2f0013535bfb,260000000.0,USD,9002.304576,Health,AI,Completed - Built,Ron Stelmarski,Oklahoma City,Oklahoma,United States of America,2020,"Architecture, Interior Design",470644067.7966102
156,60f59e6d39a358001402a5a3,90000000.0,USD,25084.0,Science and Technology,AI,On Hold,Design Target (direct construction),New York,New York,United States of America,2024,"Architecture, Interior Design",78529411.76470588
157,6323bd388b142c2d1358abe6,120000000.0,USD,32516.0,Science and Technology,AI,On Hold,Construction,Philadelphia,Pennsylvania,United States of America,2023,"Architecture, Interior Design",129454545.45454545
158,60251a3c8ed3eb0013d48a5c,73900000.0,USD,27827.0,Higher Education,AI,Completed - Built,Construction Cost,Miami,Florida,United States of America,2020,"Architecture, Landscape Architecture, Interior Design",137500348.43205574
159,60251a3c8ed3eb0013d48a5c,73900000.0,USD,27406.0,Higher Education,AI,Completed - Built,Construction Cost,Miami,Florida,United States of America,2020,"Architecture, Landscape Architecture, Interior Design",137500348.43205574
160,61803ece918a660014e53c4a,40000000.0,USD,11148.0,Other,AI,Completed - Built,construction,El Paso,Texas,United States of America,2018,"Architecture, Interior Design",79111111.1111111
161,61803ece918a660014e53c4a,40000000.0,USD,3716.0,Other,AI,Completed - Built,construction,El Paso,Texas,United States of America,2018,"Architecture, Interior Design",79111111.1111111
162,61803ece918a660014e53c4a,40000000.0,USD,9383.20704,Other,AI,Completed - Built,construction,El Paso,Texas,United States of America,2018,"Architecture, Interior Design",79111111.1111111
163,61803ece918a660014e53c4a,40000000.0,USD,10219.0,Other,AI,Completed - Built,construction,El Paso,Texas,United States of America,2018,"Architecture, Interior Design",79111111.1111111
164,60251a3c8ed3eb0013d48a5c,73900000.0,USD,27805.87987,Higher Education,AI,Completed - Built,Construction Cost,Miami,Florida,United States of America,2020,"Architecture, Landscape Architecture, Interior Design",137500348.43205574
165,61803ece918a660014e53c4a,38600000.0,USD,11148.0,Other,AI,Completed - Built,Ron Stelmarski,El Paso,Texas,United States of America,2018,"Architecture, Interior Design",76342222.22222222
166,61803ece918a660014e53c4a,38600000.0,USD,3716.0,Other,AI,Completed - Built,Ron Stelmarski,El Paso,Texas,United States of America,2018,"Architecture, Interior Design",76342222.22222222
167,61803ece918a660014e53c4a,38600000.0,USD,9383.20704,Other,AI,Completed - Built,Ron Stelmarski,El Paso,Texas,United States of America,2018,"Architecture, Interior Design",76342222.22222222
168,602522a82c718c001493f9a0,628500000.0,USD,69677.0,Health,AI,Design,Construction,Seattle,Washington,United States of America,2027,Architecture,654228070.1754386
169,602522a82c718c001493f9a0,825046237.0,USD,69677.0,Health,AI,Design,Project,Seattle,Washington,United States of America,2027,Architecture,858820059.5672514
170,61803ece918a660014e53c4a,38600000.0,USD,10219.0,Other,AI,Completed - Built,Ron Stelmarski,El Paso,Texas,United States of America,2018,"Architecture, Interior Design",76342222.22222222
171,62e2cd2e29533700135eb825,4196819.0,USD,1892.0,Workplace,AI,Completed - Built,Construction,Austin,Texas,United States of America,2022,"Interior Design, FF&E",6421493.828080229
172,62e2cd2e29533700135eb825,4196819.0,USD,2129.058968,Workplace,AI,Completed - Built,Construction,Austin,Texas,United States of America,2022,"Interior Design, FF&E",6421493.828080229
173,62e2cd2e29533700135eb825,335978.0,USD,1892.0,Workplace,AI,Completed - Built,Design,Austin,Texas,United States of America,2022,"Interior Design, FF&E",514075.22063037247
174,62e2cd2e29533700135eb825,335978.0,USD,2129.058968,Workplace,AI,Completed - Built,Design,Austin,Texas,United States of America,2022,"Interior Design, FF&E",514075.22063037247
175,62e2cd2e29533700135eb825,4239699.0,USD,1892.0,Workplace,AI,Completed - Built,Construction,Austin,Texas,United States of America,2022,"Interior Design, FF&E",6487103.914040115
176,6321cee73be39b82e7a46d0c,34623000.0,USD,3476.0,Health,AI,Under Construction,Total,San Antonio,Texas,United States of America,2023,Interior Design,57063833.333333336
177,62f2d491ff7f630013a58c5a,585000.0,USD,59.0,Health,AI,Completed - Built,Construction Cost,Houston,TX,US,2022,Architecture,1004469.4533762058
178,5ff9eb664b76346c8422b914,3100000.0,USD,1250.0,Workplace,AI,Under Construction,Total,Anchorage,Alaska,United States of America,2023,Interior Design,3814285.714285714
179,5ff9eb664b76346c8422b914,3100000.0,USD,1250.0,Workplace,AI,Under Construction,Total,Anchorage,Alaska,United States of America,2023,Interior Design,3814285.714285714
180,5ff9eb664b76346c8422b914,3100000.0,USD,1250.0,Workplace,AI,Under Construction,Total,Anchorage,Alaska,United States of America,2023,Interior Design,3814285.714285714
181,5ff9eb664b76346c8422b914,3100000.0,USD,1250.0,Workplace,AI,Under Construction,Total,Anchorage,Alaska,United States of America,2023,Interior Design,3814285.714285714
182,5ff9eb664b76346c8422b914,3100000.0,USD,1250.0,Workplace,AI,Under Construction,Construction,Anchorage,Alaska,United States of America,2023,Interior Design,3814285.714285714
183,5ff9eb664b76346c8422b914,3100000.0,USD,1250.0,Workplace,AI,Under Construction,Construction,Anchorage,Alaska,United States of America,2023,Interior Design,3814285.714285714
184,5ff9eb664b76346c8422b914,3100000.0,USD,1250.0,Workplace,AI,Under Construction,Construction,Anchorage,Alaska,United States of America,2023,Interior Design,3814285.714285714
185,5ff9eb664b76346c8422b914,3100000.0,USD,1250.0,Workplace,AI,Under Construction,Construction,Anchorage,Alaska,United States of America,2023,Interior Design,3814285.714285714
186,62e2cd2e29533700135eb825,4239699.0,USD,2129.058968,Workplace,AI,Completed - Built,Construction,Austin,Texas,United States of America,2022,"Interior Design, FF&E",6487103.914040115
187,617d9af466e8f60014abd45b,2241602.0,USD,1672.0,Workplace,AI,Completed - Built,frog,Austin,Texas,United States of America,2020,Interior Design,3990051.56
188,609e93b43d1919cb4b4207b9,122000000.0,USD,19875.0,Science and Technology,AI,Under Construction,Construction,San Diego,California,United States of America,2022,"Architecture, Interior Design, Landscape Architecture",148739726.02739727
189,609e93b43d1919cb4b4207b9,122000000.0,USD,19881.0,Science and Technology,AI,Under Construction,Construction,San Diego,California,United States of America,2022,"Architecture, Interior Design, Landscape Architecture",148739726.02739727
190,60fefede39a3580014051589,90000000.0,USD,24991.0,Corporate and Commercial,AI,Design,Project Budget,Seattle,WA,US,2024,"Architecture, Interior Design",93684210.5263158
191,60fefede39a3580014051589,90000000.0,USD,24991.0,Corporate and Commercial,AI,Design,Project Budget,Seattle,WA,US,2024,"Architecture, Interior Design",93684210.5263158
192,6307f0e82f92a30014597c23,125000000.0,USD,23226.0,Health,AI,Completed - Built,Total,Houston,Texas,United States of America,2019,"Architecture, Interior Design, Landscape Architecture",257722007.72200772
193,6307f0e82f92a30014597c23,125000000.0,USD,20438.6688,Health,AI,Completed - Built,Total,Houston,Texas,United States of America,2019,"Architecture, Interior Design, Landscape Architecture",257722007.72200772
194,61b21139c6eae80368ed6161,54500000.0,USD,7270.0,Corporate and Commercial,AI,Design,Construction,Boston,Massachusetts,United States of America,2025,"Architecture, Interior Design, FF&E",55859884.83685221
195,5ff9eb664b76346c8422b6f3,93000000.0,USD,21368.0,Corporate and Commercial,AI,Completed,Construction,Seattle,Washington,United States of America,2020,Architecture,122320197.04433498
196,5ff9eb664b76346c8422b6f3,93000000.0,USD,24898.01472,Corporate and Commercial,AI,Completed,Construction,Seattle,Washington,United States of America,2020,Architecture,122320197.04433498
197,632af1fbd14a3b5b9c6a5f75,5328281.0,USD,932.0,K-12 Education,AI,Completed - Built,Construction,Columbus,Ohio,United States of America,2023,"Architecture, Interior Design",7731799.059782608
198,632af1fbd14a3b5b9c6a5f75,5328281.0,USD,372.0,K-12 Education,AI,Completed - Built,Construction,Columbus,Ohio,United States of America,2023,"Architecture, Interior Design",7731799.059782608
199,6180692766e8f60014acac59,220000000.0,USD,50632.0,Corporate and Commercial,AI,Completed - Built,Construction,Seattle,Washington,United States of America,2021,"Architecture, Interior Design",264594594.5945946
200,6180692766e8f60014acac59,220000000.0,USD,51739.0,Corporate and Commercial,AI,Completed - Built,Construction,Seattle,Washington,United States of America,2021,"Architecture, Interior Design",264594594.5945946
201,6180692766e8f60014acac59,220000000.0,USD,50632.0,Corporate and Commercial,AI,Completed - Built,Construction,Seattle,Washington,United States of America,2021,"Architecture, Interior Design",264594594.5945946
202,6180692766e8f60014acac59,220000000.0,USD,51739.0,Corporate and Commercial,AI,Completed - Built,Construction,Seattle,Washington,United States of America,2021,"Architecture, Interior Design",264594594.5945946
203,60405a01ee7ade0016fcf28e,15000000.0,USD,4469.0,Health,AI,Completed - Built,Construction,Los Angeles,California,United States of America,2019,"Interior Design, Planning and Strategies",20538461.53846154
204,6180859becdc49001344db4b,2325769.0,USD,1528.0,Workplace,AI,Completed - Built,Shearman & Sterling Austin,Austin,Texas,United States of America,2020,Interior Design,4139868.82
205,6180859becdc49001344db4b,2325769.0,USD,1528.069202,Workplace,AI,Completed - Built,Shearman & Sterling Austin,Austin,Texas,United States of America,2020,Interior Design,4139868.82
206,6374caf57f8749fd2da390af,2500000.0,USD,578.0,Health,AI,On Hold,Construction,Tacoma,Washington,United States of America,2025,"Architecture, Interior Design, FF&E",2713414.6341463416
207,632af1fbd14a3b5b9c6a5f75,5328281.0,USD,1304.0,K-12 Education,AI,Completed - Built,Construction,Columbus,Ohio,United States of America,2023,"Architecture, Interior Design",7731799.059782608
208,6374caf57f8749fd2da390af,2500000.0,USD,578.0,Health,AI,On Hold,Construction,Tacoma,Washington,United States of America,2025,"Architecture, Interior Design, FF&E",2713414.6341463416
209,6217a31a295337001344fc1b,30781400.0,USD,3969.746899,Workplace,AI,Completed - Built,Total,San Francisco,California,United States of America,2022,Interior Design,32293256.581532415
210,627e726a295337001352cda8,110000000.0,USD,21636.0,Science and Technology,AI,Design,Construction,New York,New York,United States of America,2023,"Architecture, Interior Design, Landscape Architecture",99897959.18367347
211,627e726a295337001352cda8,110000000.0,USD,21636.0,Science and Technology,AI,Design,Construction,New York,New York,United States of America,2023,"Architecture, Interior Design, Landscape Architecture",99897959.18367347
212,6374caf6db958f1b24d674bf,10000000.0,USD,2230.0,Science and Technology,AI,On Hold,Construction,Houston,Texas,United States of America,2024,"Architecture, Interior Design",15798816.568047337
213,62e960be29533700135f91b4,5000000.0,USD,1.5,Cultural and Civic,AI,Completed - Built,Construction Budget,Raleigh,North Carolina,United States of America,2023,"Architecture, Urban Design, Landscape Architecture",7970149.253731343
214,62e960be29533700135f91b4,5000000.0,USD,1.5,Cultural and Civic,AI,Completed - Built,Construction Budget,Raleigh,North Carolina,United States of America,2023,"Architecture, Urban Design, Landscape Architecture",7970149.253731343
215,62e960be29533700135f91b4,5000000.0,USD,1.5,Cultural and Civic,AI,Completed - Built,Construction,Raleigh,North Carolina,United States of America,2023,"Architecture, Urban Design, Landscape Architecture",7970149.253731343
216,5fb6ac86967d7c0013305496,60000000.0,USD,13935.0,Corporate and Commercial,AI,Completed - Built,Construction Cost,Los Angeles,California,United States of America,2021,"Architecture, Landscape Architecture",76285714.28571428
217,5fb6ac86967d7c0013305496,60000000.0,USD,22296.7296,Corporate and Commercial,AI,Completed - Built,Construction Cost,Los Angeles,California,United States of America,2021,"Architecture, Landscape Architecture",76285714.28571428
218,5fb6ac86967d7c0013305496,60000000.0,USD,13935.0,Corporate and Commercial,AI,Completed - Built,Construction,Los Angeles,California,United States of America,2021,"Architecture, Landscape Architecture",76285714.28571428
219,5fb6ac86967d7c0013305496,60000000.0,USD,22296.7296,Corporate and Commercial,AI,Completed - Built,Construction,Los Angeles,California,United States of America,2021,"Architecture, Landscape Architecture",76285714.28571428
220,60aea9676e3a2f0013535b72,3900000.0,USD,3188.0,Workplace,AI,Completed - Built,Construction Cost,Dallas,Texas,United States of America,2019,Interior Design,7573090.909090909
221,60405a01ee7ade0016fcf28e,15000000.0,USD,4468.636224,Health,AI,Completed - Built,Construction,Los Angeles,California,United States of America,2019,"Interior Design, Planning and Strategies",20538461.53846154
222,6374cafb55bdf94356883238,82000000.0,USD,9987.0,Higher Education,AI,Design,Construction,Long Beach,California,United States of America,2025,"Architecture, Interior Design, Planning + Strategies",93764453.9614561
223,62f2d3bf2f92a3001454d355,276000.0,USD,186.0,Health,AI,Completed - Built,Construction Cost,Houston,TX,US,2022,Architecture,473903.536977492
224,62f2d3bf2f92a3001454d355,276000.0,USD,186.0,Health,AI,Completed - Built,Construction Cost,Houston,TX,US,2022,Architecture,473903.536977492
225,602521982c718c001493f997,4850000.0,USD,1579.0,Health,AI,Completed - Built,Construction,Minneapolis,Minnesota,United States of America,2021,"Architecture, Interior Design, Landscape Architecture",6727012.987012987
226,602521982c718c001493f997,4850000.0,USD,1579.35168,Health,AI,Completed - Built,Construction,Minneapolis,Minnesota,United States of America,2021,"Architecture, Interior Design, Landscape Architecture",6727012.987012987
227,60aea9676e3a2f0013535b72,3900000.0,USD,3890.779315,Workplace,AI,Completed - Built,Construction Cost,Dallas,Texas,United States of America,2019,Interior Design,7573090.909090909
228,6374cafb55bdf94356883231,165000000.0,GBP,237882.0,Higher Education,AI,Design,Total,Manchester,North West England,United Kingdom,2024,"Architecture, Interior Design, FF&E, Reuse + Transformation",219179104.47761193
229,6099452768d45a0013017e8c,46088377.0,USD,11213.0,Science and Technology,AI,Design,FIU BT-919 (construction costs),Miami,Florida,United States of America,2023,"Architecture, Interior Design, Landscape Architecture",70317695.19428572
230,5fcf8befcc8b4f0014ee4034,19000000.0,USD,4180.6368,K-12 Education,AI,Completed - Built,Construction Cost,Miami,Florida,United States of America,2020,"Architecture, Interior Design, Landscape Architecture",35351916.37630662
231,5fcf8befcc8b4f0014ee4034,19000000.0,USD,4180.6368,K-12 Education,AI,Completed - Built,Construction,Miami,Florida,United States of America,2020,"Architecture, Interior Design, Landscape Architecture",35351916.37630662
232,61f99c5aaacbda00134baf86,10793554.0,USD,2067.835864,Workplace,AI,Completed - Built,Construction,New York,New York,United States of America,2022,Interior Design,10237580.525754884
233,61f99c5aaacbda00134baf86,10793554.0,USD,2068.0,Workplace,AI,Completed - Built,Construction,New York,New York,United States of America,2022,Interior Design,10237580.525754884
234,61f99c5aaacbda00134baf86,10793554.0,USD,2067.835864,Workplace,AI,Completed - Built,Construction,New York,New York,United States of America,2022,Interior Design,10237580.525754884
235,61f99c5aaacbda00134baf86,10793554.0,USD,2068.0,Workplace,AI,Completed - Built,Construction,New York,New York,United States of America,2022,Interior Design,10237580.525754884
236,5ff9eb654b76346c8421f84d,400000000.0,USD,52026.0,Health,AI,Completed - Built,Total,Philadelphia,Pennsylvania,United States of America,2019,"Architecture, Interior Design, Planning + Strategies",539393939.3939394
237,5ff9eb654b76346c8421f84d,400000000.0,USD,52490.2176,Health,AI,Completed - Built,Total,Philadelphia,Pennsylvania,United States of America,2019,"Architecture, Interior Design, Planning + Strategies",539393939.3939394
238,5fbd3ecb967d7c001330557c,1590435.0,USD,1394.0,Other,ZZ,Completed - Built,Construction Cost,Austin,Texas,United States of America,2019,"Interior Design, Branded Environments",3145527.0
239,6171a24566e8f60014a95d05,16275538.0,USD,2323.0,Other,AI,Completed - Built,LAPD Metro, Los Angeles,California,United States of America,2016,"Architecture, Interior Design",24974532.44827586
240,6171a24566e8f60014a95d05,16275538.0,USD,2352.304973,Other,AI,Completed - Built,LAPD Metro, Los Angeles,California,United States of America,2016,"Architecture, Interior Design",24974532.44827586
241,6171a24566e8f60014a95d05,16275538.0,USD,2352.0,Other,AI,Completed - Built,LAPD Metro, Los Angeles,California,United States of America,2016,"Architecture, Interior Design",24974532.44827586
242,6171a24566e8f60014a95d05,16275538.0,USD,2993.0,Other,AI,Completed - Built,LAPD Metro, Los Angeles,California,United States of America,2016,"Architecture, Interior Design",24974532.44827586
243,5fbd3ecb967d7c001330557c,1590435.0,USD,1393.5456,Other,ZZ,Completed - Built,Construction Cost,Austin,Texas,United States of America,2019,"Interior Design, Branded Environments",3145527.0
244,61805c92918a660014e566a2,63000000.0,USD,22055.0,Corporate and Commercial,AI,Completed - Built,Construction Cost,Seattle,Washington,United States of America,2021,"Architecture, Interior Design",75770270.27027027
245,61805c92918a660014e566a2,63000000.0,USD,19602.54144,Corporate and Commercial,AI,Completed - Built,Construction Cost,Seattle,Washington,United States of America,2021,"Architecture, Interior Design",75770270.27027027
246,61805c92918a660014e566a2,63000000.0,USD,22055.0,Corporate and Commercial,AI,Completed - Built,Construction Cost,Seattle,Washington,United States of America,2021,"Architecture, Interior Design",75770270.27027027
247,61805c92918a660014e566a2,63000000.0,USD,19602.54144,Corporate and Commercial,AI,Completed - Built,Construction Cost,Seattle,Washington,United States of America,2021,"Architecture, Interior Design",75770270.27027027
248,6374cafb55bdf94356883238,82000000.0,USD,10219.3344,Higher Education,AI,Design,Construction,Long Beach,California,United States of America,2025,"Architecture, Interior Design, Planning + Strategies",93764453.9614561
249,63884b7f4c7edcbe2a8124db,3800000.0,USD,525.0,Health,AI,Completed - Built,Construction,Spokane,Washington,United States of America,2023,"Architecture, Interior Design",5137215.189873418
250,63884b7f4c7edcbe2a8124da,2000000.0,USD,697.0,Health,AI,Completed - Built,Construction,Spokane,Washington,United States of America,2023,"Architecture, Interior Design",2703797.4683544305
251,60f5a1eb39a358001402a8ae,53000000.0,USD,9290.0,Higher Education,AI,Under Construction,Construction,Buffalo,New York,United States of America,2022,"Architecture, Interior Design",71650632.9113924
252,63a4796ee4fce5637faf6857,5750000.0,USD,2508.0,Workplace,AI,Completed - Built,Total,Boston,Massachusetts,United States of America,2023,"Interior Design, Branded Environments",6128742.5149700595
253,63a4796ee4fce5637faf6857,5750000.0,USD,1815.0,Workplace,AI,Completed - Built,Total,Boston,Massachusetts,United States of America,2023,"Interior Design, Branded Environments",6128742.5149700595
254,63a4796ee4fce5637faf6857,5750000.0,USD,1858.0608,Workplace,AI,Completed - Built,Total,Boston,Massachusetts,United States of America,2023,"Interior Design, Branded Environments",6128742.5149700595
255,63a4796ee4fce5637faf6857,5750000.0,USD,2508.0,Workplace,AI,Completed - Built,Total,Boston,Massachusetts,United States of America,2023,"Interior Design, Branded Environments",6128742.5149700595
256,63a4796ee4fce5637faf6857,5750000.0,USD,1815.0,Workplace,AI,Completed - Built,Total,Boston,Massachusetts,United States of America,2023,"Interior Design, Branded Environments",6128742.5149700595
257,61803749918a660014e5336e,78000000.0,USD,15979.0,Science and Technology,AI,Completed - Built,Construction Cost,San Diego ,California,United States of America,2021,Architecture,103099009.9009901
258,63a4796ee4fce5637faf6857,5750000.0,USD,1858.0608,Workplace,AI,Completed - Built,Total,Boston,Massachusetts,United States of America,2023,"Interior Design, Branded Environments",6128742.5149700595
259,61803749918a660014e5336e,78000000.0,USD,15979.0,Science and Technology,AI,Completed - Built,Construction Cost,San Diego ,California,United States of America,2021,Architecture,103099009.9009901
260,62f6ea402f92a300145645f6,26600000.0,USD,6089.0,Other,AI,Completed - Built,Construction Cost,Chicago,Illinois,United States of America,2019,"Architecture, Interior Design",33422117.647058822
261,62f6ea402f92a300145645f6,26600000.0,USD,6038.6976,Other,AI,Completed - Built,Construction Cost,Chicago,Illinois,United States of America,2019,"Architecture, Interior Design",33422117.647058822
262,61803749918a660014e5336e,78000000.0,USD,15979.0,Science and Technology,AI,Completed - Built,Construction Cost,San Diego ,California,United States of America,2021,Architecture,103099009.9009901
263,63764cdbc26b5e30de6582a9,1.0,USD,9133.0,Workplace,AI,Completed - Built,Construction,Salt Lake City,Utah,United States of America,2022,"Interior Design, FF&E",1.4874651810584958
264,63764cdbc26b5e30de6582a9,1.0,USD,8061.0,Workplace,AI,Completed - Built,Construction,Salt Lake City,Utah,United States of America,2022,"Interior Design, FF&E",1.4874651810584958
265,63764cdbc26b5e30de6582a9,1.0,USD,9132.554638,Workplace,AI,Completed - Built,Construction,Salt Lake City,Utah,United States of America,2022,"Interior Design, FF&E",1.4874651810584958
266,632af1fbd14a3b5b9c6a5f80,225000.0,USD,26.0,Health,AI,Completed - Built,Construction,Springfield,Massachusetts,United States of America,2023,"Architecture, Interior Design",281381.7330210773
267,632af1fbd14a3b5b9c6a5f80,225000.0,USD,23.0,Health,AI,Completed - Built,Construction,Springfield,Massachusetts,United States of America,2023,"Architecture, Interior Design",281381.7330210773
268,632af1fbd14a3b5b9c6a5f80,15000.0,USD,26.0,Health,AI,Completed - Built,Design,Springfield,Massachusetts,United States of America,2023,"Architecture, Interior Design",18758.782201405153
269,632af1fbd14a3b5b9c6a5f80,15000.0,USD,23.0,Health,AI,Completed - Built,Design,Springfield,Massachusetts,United States of America,2023,"Architecture, Interior Design",18758.782201405153
270,632af1fbd14a3b5b9c6a5f80,5000.0,USD,26.0,Health,AI,Completed - Built,Construction,Springfield,Massachusetts,United States of America,2023,"Architecture, Interior Design",6252.927400468384
271,632af1fbd14a3b5b9c6a5f80,5000.0,USD,23.0,Health,AI,Completed - Built,Construction,Springfield,Massachusetts,United States of America,2023,"Architecture, Interior Design",6252.927400468384
272,632af1fbd14a3b5b9c6a5f80,1000.0,USD,26.0,Health,AI,Completed - Built,Expenses,Springfield,Massachusetts,United States of America,2023,"Architecture, Interior Design",1250.5854800936768
273,62a21e3169973a8e7234b930,73815000.0,USD,10907.0,Health,AI,In Progress,Construction,Miami,Florida,United States of America,2024,"Architecture, Planning + Strategies, Interior Design",108289038.46153846
274,62a21e3169973a8e7234b930,73815000.0,USD,8268.0,Health,AI,In Progress,Construction,Miami,Florida,United States of America,2024,"Architecture, Planning + Strategies, Interior Design",108289038.46153846
275,62a21e3169973a8e7234b930,141443000.0,USD,10907.0,Health,AI,In Progress,Total,Miami,Florida,United States of America,2024,"Architecture, Planning + Strategies, Interior Design",207501543.95604396
276,62a21e3169973a8e7234b930,141443000.0,USD,8268.0,Health,AI,In Progress,Total,Miami,Florida,United States of America,2024,"Architecture, Planning + Strategies, Interior Design",207501543.95604396
277,632af1fbd14a3b5b9c6a5f80,1000.0,USD,23.0,Health,AI,Completed - Built,Expenses,Springfield,Massachusetts,United States of America,2023,"Architecture, Interior Design",1250.5854800936768
278,632af1fbd14a3b5b9c6a5f80,224132.0,USD,26.0,Health,AI,Completed - Built,Project Cost,Springfield,Massachusetts,United States of America,2023,"Architecture, Interior Design",280296.224824356
279,632af1fbd14a3b5b9c6a5f80,224132.0,USD,23.0,Health,AI,Completed - Built,Project Cost,Springfield,Massachusetts,United States of America,2023,"Architecture, Interior Design",280296.224824356
280,63884b7f4c7edcbe2a8124d4,2000000.0,USD,193.0,Health,AI,In Progress,Construction,Dallas,Texas,United States of America,2023,Interior Design,3159763.3136094674
281,63c9e1713f51349e6ed2c70d,342000000.0,USD,46452.0,Science and Technology,AI,Design,Total,Seattle,Washington,United States of America,2025,"Architecture, Interior Design",356000000.0
282,5fc55c90ce395d001317ea89,290000000.0,USD,88258.0,Health,AI,On Hold,Construction Cost,Seattle,WA,US,2024,Architecture,301871345.0292398
283,6114534c918a660014d421a8,400000000.0,USD,57730.0,Science and Technology,AI,Completed - Built,Simpson Querrey Biomedical Reserach Building,Chicago,Illinois,United States of America,2020,"Architecture, Interior Design, Branded Environments",493302540.41570437
284,6114534c918a660014d421a8,400000000.0,USD,58040.80263,Science and Technology,AI,Completed - Built,Simpson Querrey Biomedical Reserach Building,Chicago,Illinois,United States of America,2020,"Architecture, Interior Design, Branded Environments",493302540.41570437
285,6114534c918a660014d421a8,400000000.0,USD,58157.0,Science and Technology,AI,Completed - Built,Simpson Querrey Biomedical Reserach Building,Chicago,Illinois,United States of America,2020,"Architecture, Interior Design, Branded Environments",493302540.41570437
286,61a52b9066e8f60014b23c12,20000000.0,USD,9290.0,Workplace,AI,Completed - Built,Construction,New York,New York,United States of America,2021,"Interior Design, FF&E, Planning + Strategies",20189035.916824196
287,61a52b9066e8f60014b23c12,20000000.0,USD,9290.304,Workplace,AI,Completed - Built,Construction,New York,New York,United States of America,2021,"Interior Design, FF&E, Planning + Strategies",20189035.916824196
288,61795126ecdc490013428e70,34000000.0,USD,7711.0,Other,AI,Completed - Built,Construction,Charlotte,North Carolina,United States of America,2019,"Architecture, Landscape Architecture",65782608.69565217
289,60b7da342d8e480013f926a4,19000000.0,USD,2973.0,Cultural and Civic,AI,On Hold,Construction,Houston,Texas,United States of America,2023,"Architecture, Interior Design",31218461.53846154
290,5fce8827cc8b4f0014ee3f9b,33200000.0,USD,11464.0,K-12 Education,AI,Completed,Construction Cost,Huntsville,Alabama,United States of America,2022,"Architecture, Interior Design, Landscape Architecture, Branded Environments",53239639.63963964
291,5fce8827cc8b4f0014ee3f9b,33200000.0,USD,10990.24383,K-12 Education,AI,Completed,Construction Cost,Huntsville,Alabama,United States of America,2022,"Architecture, Interior Design, Landscape Architecture, Branded Environments",53239639.63963964
292,60ad7fe03e99a500141b88ac,47000000.0,USD,13006.0,Corporate and Commercial,AI,Completed - Built,Construction Cost,Dallas,Texas,United States of America,2020,Architecture,84221476.51006712
293,60ad7fe03e99a500141b88ac,47000000.0,USD,13006.4256,Corporate and Commercial,AI,Completed - Built,Construction Cost,Dallas,Texas,United States of America,2020,Architecture,84221476.51006712
294,60ad7fe03e99a500141b88ac,47000000.0,USD,4181.0,Corporate and Commercial,AI,Completed - Built,Construction Cost,Dallas,Texas,United States of America,2020,Architecture,84221476.51006712
295,61795126ecdc490013428e70,34000000.0,USD,4738.0,Other,AI,Completed - Built,Construction,Charlotte,North Carolina,United States of America,2019,"Architecture, Landscape Architecture",65782608.69565217
296,61795126ecdc490013428e70,34000000.0,USD,12518.49883,Other,AI,Completed - Built,Construction,Charlotte,North Carolina,United States of America,2019,"Architecture, Landscape Architecture",65782608.69565217
297,632af1fbd14a3b5b9c6a5f74,28558819.0,USD,7873.0,K-12 Education,AI,Design,Total,Columbus,Ohio,United States of America,2023,Interior Design,41441329.74456522
298,60265bd72c718c001493fad4,180000000.0,USD,35489.0,Corporate and Commercial,AI,On Hold,Construction Cost,San Francisco,California,United States of America,2024,"Architecture, Landscape Architecture",173815551.5370705
299,602505488ed3eb0013d489ed,25250000.0,USD,3159.0,Sports Recreation and Entertainment,AI,Completed - Built,Construction Cost,New Haven,Connecticut,United States of America,2021,"Architecture, Interior Design",34751288.65979382
300,60265bd72c718c001493fad4,180000000.0,USD,35489.0,Corporate and Commercial,AI,On Hold,Construction Cost,San Francisco,California,United States of America,2024,"Architecture, Landscape Architecture",173815551.5370705
301,60265bd72c718c001493fad4,202000000.0,USD,35489.0,Corporate and Commercial,AI,On Hold,490 Brannan ,San Francisco,California,United States of America,2024,"Architecture, Landscape Architecture",195059674.5027125
302,602505488ed3eb0013d489ed,25250000.0,USD,3233.025792,Sports Recreation and Entertainment,AI,Completed - Built,Construction Cost,New Haven,Connecticut,United States of America,2021,"Architecture, Interior Design",34751288.65979382
303,60ead546be55a2aa337a2dc3,1.0,USD,5067.0,Workplace,AI,Completed - Built,Construction,Chicago,Illinois,United States of America,2021,Interior Design,1.2081447963800904
304,6179521aecdc490013428f29,13000000.0,USD,3437.0,Corporate and Commercial,AI,Completed - Built,Construction,Atlanta,Georgia,United States of America,2021,"Architecture, Interior Design, Landscape Architecture",23295302.013422817
305,60265bd72c718c001493fad4,202000000.0,USD,35489.0,Corporate and Commercial,AI,On Hold,490 Brannan ,San Francisco,California,United States of America,2024,"Architecture, Landscape Architecture",195059674.5027125
306,5fd3d73ccc8b4f0014ee44ca,11200000.0,USD,1496.0,Sports Recreation and Entertainment,AI,Under Construction,Construction Cost,Denver,Colorado,United States of America,2023,Architecture,16800000.0
307,5fd3d73ccc8b4f0014ee44ca,11200000.0,USD,3140.122752,Sports Recreation and Entertainment,AI,Under Construction,Construction Cost,Denver,Colorado,United States of America,2023,Architecture,16800000.0
308,6109bbf053bbb300146d61c7,47000000.0,USD,12170.0,Corporate and Commercial,AI,Completed - Built,Project Cost,San Francisco,California,United States of America,2021,Architecture,52396659.70772442
309,6179521aecdc490013428f29,13000000.0,USD,3530.31552,Corporate and Commercial,AI,Completed - Built,Construction,Atlanta,Georgia,United States of America,2021,"Architecture, Interior Design, Landscape Architecture",23295302.013422817
310,6109bbf053bbb300146d61c7,47000000.0,USD,12077.3952,Corporate and Commercial,AI,Completed - Built,Project Cost,San Francisco,California,United States of America,2021,Architecture,52396659.70772442
311,602621f49fbd6700134a89df,12500000.0,USD,6317.0,Workplace,AI,Completed - Design only,Construction Cost,New York,New York,United States of America,2019,Interior Design,13088235.294117646
312,602621f49fbd6700134a89df,12500000.0,USD,9011.59488,Workplace,AI,Completed - Design only,Construction Cost,New York,New York,United States of America,2019,Interior Design,13088235.294117646
313,61814c75ecdc4900134519fe,130000000.0,USD,22111.0,K-12 Education,AI,Completed - Built,Construction Cost,Springfield,Pennsylvania,United States of America,2021,"Architecture, Interior Design",182684210.52631578
314,62cda94529533700135bb56e,900000.0,USD,761.0,Workplace,AI,Completed - Built,Total,Dallas,Texas,United States of America,2022,Interior Design,1487925.6965944273
315,61dde5c5845af30013f72d47,120000000.0,USD,11148.0,Health,AI,Design,Construction,Miami ,Florida,United States of America,2022,"Architecture, Interior Design, Landscape Architecture",191283582.08955225
316,633bdfdeb756b33a86e89701,1894554.0,USD,565.0,Workplace,AI,Under Construction,Construction,Las Vegas,Nevada,United States of America,2023,Interior Design,2325728.3586206897
317,633bdfdeb756b33a86e8963a,30000000.0,USD,7246.0,Corporate and Commercial,AI,Under Construction,Construction,Chicago,Illinois,United States of America,2023,"Architecture, Interior Design",31785714.285714287
318,633bdfdeb756b33a86e8963a,30000000.0,USD,7246.43712,Corporate and Commercial,AI,Under Construction,Construction,Chicago,Illinois,United States of America,2023,"Architecture, Interior Design",31785714.285714287
319,612d20fa66e8f600149eda12,15500000.0,USD,8639.98272,Higher Education,AI,Completed - Built,Project Construction,Austin,Texas,United States of America,2023,"Architecture, Interior Design, Urban Design, FF&E, Reuse + Transformation",22676712.328767125
320,612d20fa66e8f600149eda12,17554000.0,USD,8639.98272,Higher Education,AI,Completed - Built,Construction,Austin,Texas,United States of America,2023,"Architecture, Interior Design, Urban Design, FF&E, Reuse + Transformation",25681742.465753425
321,62cda94529533700135bb56e,900000.0,USD,760.7829946,Workplace,AI,Completed - Built,Total,Dallas,Texas,United States of America,2022,Interior Design,1487925.6965944273
322,5ff9eb664b76346c8422c8e0,46500000.0,USD,13749.64992,Science and Technology,AI,Completed - Built,Construction,Shreveport,Louisiana,United States of America,2021,"Architecture, Interior Design, Planning + Strategies",82770000.0
323,60f576a7b6d82e00146d3060,26000000.0,USD,3159.0,Cultural and Civic,AI,Design,Construction,Detroit,Michigan,United States of America,2025,"Architecture, Interior Design, Landscape Architecture",33215311.00478469
324,5ff9eb654b76346c84227790,67531146.0,USD,16072.0,K-12 Education,AI,In Progress,Construction,Austin,Texas,United States of America,2019,"Architecture, Interior Design",133561599.86666666
325,5ff9eb654b76346c84225c60,3400000.0,USD,896.0,Workplace,AI,Completed - Built,Total,Dallas,Texas,United States of America,2021,Interior Design,6072240.802675585
326,5ff9eb654b76346c84225c60,3400000.0,USD,895.8640147,Workplace,AI,Completed - Built,Total,Dallas,Texas,United States of America,2021,Interior Design,6072240.802675585
327,633bdfdeb756b33a86e897fc,44000000.0,USD,16507.0,K-12 Education,AI,Design,Construction,Fort Worth,Texas,United States of America,2024,"Architecture, Interior Design",67907514.45086706
328,633bdfdeb756b33a86e897fd,32164377.0,USD,9817.0,K-12 Education,AI,Design,Construction,Fort Worth,Texas,United States of America,2024,Architecture,49640974.90751445
329,5ff9eb654b76346c84223566,53000000.0,USD,26013.0,Corporate and Commercial,AI,Completed - Built,Construction,Minneapolis,Minnesota,United States of America,2022,"Interior Design, Planning + Strategies",68197590.36144578
330,5ff9eb654b76346c84223566,53000000.0,USD,30077.3592,Corporate and Commercial,AI,Completed - Built,Construction,Minneapolis,Minnesota,United States of America,2022,"Interior Design, Planning + Strategies",68197590.36144578
331,633bdfdeb756b33a86e898aa,19000000.0,USD,7813.0,Sports Recreation and Entertainment,AI,Design,Construction,Philadelphia,Pennsylvania,United States of America,2023,"Architecture, Interior Design, Branded Environments",20496969.696969695
332,612e5d03ecdc490013373e4b,72000000.0,USD,28521.0,Workplace,AI,Completed - Built,Construction,Austin,Texas,United States of America,2022,Interior Design,110166189.11174785
333,612e5d03ecdc490013373e4b,72000000.0,USD,28521.23328,Workplace,AI,Completed - Built,Construction,Austin,Texas,United States of America,2022,Interior Design,110166189.11174785
334,612e5d03ecdc490013373e4b,72000000.0,USD,28521.0,Workplace,AI,Completed - Built,Construction,Austin,Texas,United States of America,2022,Interior Design,110166189.11174785
335,612e5d03ecdc490013373e4b,72000000.0,USD,28521.23328,Workplace,AI,Completed - Built,Construction,Austin,Texas,United States of America,2022,Interior Design,110166189.11174785
336,6107fde3c9a45a0013a16ce9,100000000.0,USD,975.0,Health,AI,Completed - Built,Construction Cost,Springfield,Massachusetts,United States of America,2019,"Architecture, Interior Design, Planning and Strategies, Landscape Architecture",155232558.1395349
337,6107fde3c9a45a0013a16ce9,100000000.0,USD,2118.0,Health,AI,Completed - Built,Construction Cost,Springfield,Massachusetts,United States of America,2019,"Architecture, Interior Design, Planning and Strategies, Landscape Architecture",155232558.1395349
338,6107fde3c9a45a0013a16ce9,100000000.0,USD,5830.0,Health,AI,Completed - Built,Construction Cost,Springfield,Massachusetts,United States of America,2019,"Architecture, Interior Design, Planning and Strategies, Landscape Architecture",155232558.1395349
339,617950a7ecdc490013428e0d,5500000.0,USD,2128.0,Other,AI,Completed - Built,Construction Cost,Atlanta,Georgia,United States of America,2020,"Architecture, Interior Design, Branded Environments, Landscape Architecture",10092783.50515464
340,6107fde3c9a45a0013a16ce9,100000000.0,USD,1003.0,Health,AI,Completed - Built,Construction Cost,Springfield,Massachusetts,United States of America,2019,"Architecture, Interior Design, Planning and Strategies, Landscape Architecture",155232558.1395349
341,6107fde3c9a45a0013a16ce9,100000000.0,USD,139.0,Health,AI,Completed - Built,Construction Cost,Springfield,Massachusetts,United States of America,2019,"Architecture, Interior Design, Planning and Strategies, Landscape Architecture",155232558.1395349
342,6107fde3c9a45a0013a16ce9,100000000.0,USD,5829.66576,Health,AI,Completed - Built,Construction Cost,Springfield,Massachusetts,United States of America,2019,"Architecture, Interior Design, Planning and Strategies, Landscape Architecture",155232558.1395349
343,60ad6adf6e3a2f0013535ad7,48800000.0,USD,16723.0,Other,AI,Completed - Built,Construction Cost,Lubbock,Texas,United States of America,2020,"Architecture, Interior Design",88939249.14675768
344,6107fde3c9a45a0013a16ce9,200000000.0,USD,975.0,Health,AI,Completed - Built,Project Cost,Springfield,Massachusetts,United States of America,2019,"Architecture, Interior Design, Planning and Strategies, Landscape Architecture",310465116.2790698
345,6107fde3c9a45a0013a16ce9,200000000.0,USD,2118.0,Health,AI,Completed - Built,Project Cost,Springfield,Massachusetts,United States of America,2019,"Architecture, Interior Design, Planning and Strategies, Landscape Architecture",310465116.2790698
346,6107fde3c9a45a0013a16ce9,200000000.0,USD,5830.0,Health,AI,Completed - Built,Project Cost,Springfield,Massachusetts,United States of America,2019,"Architecture, Interior Design, Planning and Strategies, Landscape Architecture",310465116.2790698
347,6107fde3c9a45a0013a16ce9,200000000.0,USD,1003.0,Health,AI,Completed - Built,Project Cost,Springfield,Massachusetts,United States of America,2019,"Architecture, Interior Design, Planning and Strategies, Landscape Architecture",310465116.2790698
348,6107fde3c9a45a0013a16ce9,200000000.0,USD,139.0,Health,AI,Completed - Built,Project Cost,Springfield,Massachusetts,United States of America,2019,"Architecture, Interior Design, Planning and Strategies, Landscape Architecture",310465116.2790698
349,6107fde3c9a45a0013a16ce9,200000000.0,USD,5829.66576,Health,AI,Completed - Built,Project Cost,Springfield,Massachusetts,United States of America,2019,"Architecture, Interior Design, Planning and Strategies, Landscape Architecture",310465116.2790698
350,6107fde3c9a45a0013a16ce9,6347509.0,USD,975.0,Health,AI,Completed - Built,Design,Springfield,Massachusetts,United States of America,2019,"Architecture, Interior Design, Planning and Strategies, Landscape Architecture",9853400.59883721
351,6107fde3c9a45a0013a16ce9,6347509.0,USD,2118.0,Health,AI,Completed - Built,Design,Springfield,Massachusetts,United States of America,2019,"Architecture, Interior Design, Planning and Strategies, Landscape Architecture",9853400.59883721
352,6107fde3c9a45a0013a16ce9,6347509.0,USD,5830.0,Health,AI,Completed - Built,Design,Springfield,Massachusetts,United States of America,2019,"Architecture, Interior Design, Planning and Strategies, Landscape Architecture",9853400.59883721
353,6107fde3c9a45a0013a16ce9,6347509.0,USD,1003.0,Health,AI,Completed - Built,Design,Springfield,Massachusetts,United States of America,2019,"Architecture, Interior Design, Planning and Strategies, Landscape Architecture",9853400.59883721
354,6107fde3c9a45a0013a16ce9,6347509.0,USD,139.0,Health,AI,Completed - Built,Design,Springfield,Massachusetts,United States of America,2019,"Architecture, Interior Design, Planning and Strategies, Landscape Architecture",9853400.59883721
355,6107fde3c9a45a0013a16ce9,6347509.0,USD,5829.66576,Health,AI,Completed - Built,Design,Springfield,Massachusetts,United States of America,2019,"Architecture, Interior Design, Planning and Strategies, Landscape Architecture",9853400.59883721
356,61806d5666e8f60014acadce,11000000.0,USD,1579.0,Health,AI,Completed - Built,GMP,Seattle,Washington,United States of America,2020,Interior Design,14467980.295566503
357,61806d5666e8f60014acadce,11000000.0,USD,1590.592948,Health,AI,Completed - Built,GMP,Seattle,Washington,United States of America,2020,Interior Design,14467980.295566503
358,60ad6adf6e3a2f0013535ad7,48800000.0,USD,16722.5472,Other,AI,Completed - Built,Construction Cost,Lubbock,Texas,United States of America,2020,"Architecture, Interior Design",88939249.14675768
359,61806d5666e8f60014acadce,11000000.0,USD,1579.0,Health,AI,Completed - Built,GMP,Seattle,Washington,United States of America,2020,Interior Design,14467980.295566503
360,61806d5666e8f60014acadce,11000000.0,USD,1590.592948,Health,AI,Completed - Built,GMP,Seattle,Washington,United States of America,2020,Interior Design,14467980.295566503
361,617950a7ecdc490013428e0d,5500000.0,USD,2127.479616,Other,AI,Completed - Built,Construction Cost,Atlanta,Georgia,United States of America,2020,"Architecture, Interior Design, Branded Environments, Landscape Architecture",10092783.50515464
362,6151eb08024b3aca818861a6,130000000.0,USD,32201.0,Corporate and Commercial,AI,On Hold,Total,Seattle,Washington,United States of America,2026,Architecture,135321637.4269006
363,633bdfdeb756b33a86e89988,228000000.0,USD,28942.0,Science and Technology,AI,On Hold,Construction,Seattle,Washington,United States of America,2026,Architecture,237333333.33333334
364,633bdfdeb756b33a86e89988,228000000.0,USD,32860.0,Science and Technology,AI,On Hold,Construction,Seattle,Washington,United States of America,2026,Architecture,237333333.33333334
365,627e821aff7f63001396b800,192000000.0,USD,31655.0,Science and Technology,AI,On Hold,Construction,San Francisco,California,United States of America,2023,"Architecture, Interior Design",192721804.51127818
366,5fb825b8967d7c00133054dd,5000000.0,USD,1254.0,Corporate and Commercial,AI,Completed - Built,Construction Cost,Minneapolis,Minnesota,United States of America,2021,"Interior Design, Landscape Architecture, Architecture",6935064.935064935
367,5fb825b8967d7c00133054dd,5000000.0,USD,2090.3184,Corporate and Commercial,AI,Completed - Built,Construction Cost,Minneapolis,Minnesota,United States of America,2021,"Interior Design, Landscape Architecture, Architecture",6935064.935064935
368,5fce88f6cc8b4f0014ee3fae,107500000.0,USD,34839.0,Workplace,AI,Under Construction,Construction Cost,Atlanta,Georgia,United States of America,2022,"Interior Design, Branded Environments, Landscape Architecture, Architecture, FF&E",166391304.3478261
369,633bdfdeb756b33a86e89988,227375000.0,USD,28942.0,Science and Technology,AI,On Hold,Construction,Seattle,Washington,United States of America,2026,Architecture,236682748.5380117
370,633bdfdeb756b33a86e89988,227375000.0,USD,32860.0,Science and Technology,AI,On Hold,Construction,Seattle,Washington,United States of America,2026,Architecture,236682748.5380117
371,633bdfdeb756b33a86e89980,2000000.0,USD,601.0,Health,AI,Completed - Built,Construction,Tacoma,Washington,United States of America,2024,"Architecture, Interior Design",2170731.7073170734
372,5fb584d9967d7c0013305442,4753200.0,USD,2165.0,Workplace,AI,Completed - Built,Construction Cost,Seattle,Washington,United States of America,2019,Interior Design,6768556.8
373,5fb584d9967d7c0013305442,4753200.0,USD,2164.455026,Workplace,AI,Completed - Built,Construction Cost,Seattle,Washington,United States of America,2019,Interior Design,6768556.8
374,60f874cab6d82e00146e101d,16458300.0,USD,5504.0,Workplace,AI,Completed - Built,Construction (Confidential),Chicago,Illinois,United States of America,2022,Interior Design,18233884.232365146
375,60f874cab6d82e00146e101d,16458300.0,USD,4751.0,Workplace,AI,Completed - Built,Construction (Confidential),Chicago,Illinois,United States of America,2022,Interior Design,18233884.232365146
376,60f874cab6d82e00146e101d,16458300.0,USD,4750.504047,Workplace,AI,Completed - Built,Construction (Confidential),Chicago,Illinois,United States of America,2022,Interior Design,18233884.232365146
377,60f874cab6d82e00146e101d,2614400.0,USD,5504.0,Workplace,AI,Completed - Built,FF&E (Confidential),Chicago,Illinois,United States of America,2022,Interior Design,2896451.4522821577
378,60f874cab6d82e00146e101d,2614400.0,USD,4751.0,Workplace,AI,Completed - Built,FF&E (Confidential),Chicago,Illinois,United States of America,2022,Interior Design,2896451.4522821577
379,5fce88f6cc8b4f0014ee3fae,107500000.0,USD,5381955.21,Workplace,AI,Under Construction,Construction Cost,Atlanta,Georgia,United States of America,2022,"Interior Design, Branded Environments, Landscape Architecture, Architecture, FF&E",166391304.3478261
380,60f874cab6d82e00146e101d,2614400.0,USD,4750.504047,Workplace,AI,Completed - Built,FF&E (Confidential),Chicago,Illinois,United States of America,2022,Interior Design,2896451.4522821577
381,60f874cab6d82e00146e101d,1215000.0,USD,5504.0,Workplace,AI,Completed - Built,AV (Confidential),Chicago,Illinois,United States of America,2022,Interior Design,1346078.838174274
382,60f874cab6d82e00146e101d,1215000.0,USD,4751.0,Workplace,AI,Completed - Built,AV (Confidential),Chicago,Illinois,United States of America,2022,Interior Design,1346078.838174274
383,60f874cab6d82e00146e101d,1215000.0,USD,4750.504047,Workplace,AI,Completed - Built,AV (Confidential),Chicago,Illinois,United States of America,2022,Interior Design,1346078.838174274
384,60f874cab6d82e00146e101d,16458300.0,USD,5504.0,Workplace,AI,Completed - Built,Construction,Chicago,Illinois,United States of America,2022,Interior Design,18233884.232365146
385,60ae9a6d3e99a500141b8920,20900000.0,USD,6317.0,Other,AI,Completed - Built,Construction Cost,Houston,Texas,United States of America,2020,"Architecture, Interior Design",40584000.0
386,60ae9a6d3e99a500141b8920,20900000.0,USD,5945.79456,Other,AI,Completed - Built,Construction Cost,Houston,Texas,United States of America,2020,"Architecture, Interior Design",40584000.0
387,60f874cab6d82e00146e101d,16458300.0,USD,4751.0,Workplace,AI,Completed - Built,Construction,Chicago,Illinois,United States of America,2022,Interior Design,18233884.232365146
388,60f874cab6d82e00146e101d,16458300.0,USD,4750.504047,Workplace,AI,Completed - Built,Construction,Chicago,Illinois,United States of America,2022,Interior Design,18233884.232365146
389,633bdfdeb756b33a86e89985,160000000.0,USD,23226.0,Higher Education,AI,Under Construction,Construction,Seattle,Washington,United States of America,2025,"Architecture, Interior Design",166549707.60233918
390,60f1aee039a3580014020133,296000000.0,USD,23537.0,Health,AI,Completed - Built,Construction,Los Angeles,California,United States of America,2018,"Architecture, Interior Design, Branded Environments, FF&E",423764075.0670241
391,60f1aee039a3580014020133,296000000.0,USD,21642.6922,Health,AI,Completed - Built,Construction,Los Angeles,California,United States of America,2018,"Architecture, Interior Design, Branded Environments, FF&E",423764075.0670241
392,632af1fbd14a3b5b9c6a6234,428530.0,USD,788.0,Workplace,AI,Completed - Built,Design,New York,New York,United States of America,2022,"Interior Design, FF&E",406456.5186500888
393,632af1fbd14a3b5b9c6a6234,428530.0,USD,788.0,Workplace,AI,Completed - Built,Design,New York,New York,United States of America,2022,"Interior Design, FF&E",406456.5186500888
394,62a21dbb69973a8e7232c977,3000000.0,USD,373.0,Hospitality,AI,Design,Design,New York,New York,United States of America,2024,Interior Design,2617647.0588235296
395,632af1fbd14a3b5b9c6a6278,12000000.0,USD,1281.0,Workplace,AI,In Progress,Construction,San Francisco,California,United States of America,2024,"Interior Design, FF&E",11587703.435804702
396,632af1fbd14a3b5b9c6a61b3,5800000.0,USD,693.0,Health,AI,Under Construction,Construction,Seattle,Washington,United States of America,2023,Interior Design,6282352.94117647
397,632af1fbd14a3b5b9c6a61b3,5800000.0,USD,511.0,Health,AI,Under Construction,Construction,Seattle,Washington,United States of America,2023,Interior Design,6282352.94117647
398,632af1fbd14a3b5b9c6a61b3,5800000.0,USD,693.0,Health,AI,Under Construction,Construction,Seattle,Washington,United States of America,2023,Interior Design,6282352.94117647
399,632af1fbd14a3b5b9c6a61b3,5800000.0,USD,511.0,Health,AI,Under Construction,Construction,Seattle,Washington,United States of America,2023,Interior Design,6282352.94117647
400,632af1fbd14a3b5b9c6a6231,29000000.0,USD,12077.0,Sports Recreation and Entertainment,AI,Completed - Built,Construction,Tulsa,Oklahoma,United States of America,2023,"Architecture, Interior Design, Branded Environments, FF&E",45148688.04664723
401,632af1fbd14a3b5b9c6a6231,29000000.0,USD,12263.20128,Sports Recreation and Entertainment,AI,Completed - Built,Construction,Tulsa,Oklahoma,United States of America,2023,"Architecture, Interior Design, Branded Environments, FF&E",45148688.04664723
402,632af1fbd14a3b5b9c6a6231,32000000.0,USD,12077.0,Sports Recreation and Entertainment,AI,Completed - Built,Total,Tulsa,Oklahoma,United States of America,2023,"Architecture, Interior Design, Branded Environments, FF&E",49819241.98250729
403,632af1fbd14a3b5b9c6a6231,32000000.0,USD,12263.20128,Sports Recreation and Entertainment,AI,Completed - Built,Total,Tulsa,Oklahoma,United States of America,2023,"Architecture, Interior Design, Branded Environments, FF&E",49819241.98250729
404,61436fa3f9d8cff278f0bf1f,250000000.0,USD,38276.0,Corporate and Commercial,AI,On Hold,Total,Boston,Massachusetts,United States of America,2025,"Architecture, Interior Design, Branded Environments",256238003.83877158
405,61436fa3f9d8cff278f0bf1f,250000000.0,USD,38276.05248,Corporate and Commercial,AI,On Hold,Total,Boston,Massachusetts,United States of America,2025,"Architecture, Interior Design, Branded Environments",256238003.83877158
406,61436fa3f9d8cff278f0bf1f,240000000.0,USD,38276.0,Corporate and Commercial,AI,On Hold,Construction,Boston,Massachusetts,United States of America,2025,"Architecture, Interior Design, Branded Environments",245988483.68522072
407,63d146eaa111fb580e1b5a50,120000000.0,USD,14144.0,Health,AI,In Progress,Total,Baton Rouge,Louisiana,United States of America,2022,"Architecture, Interior Design",205384615.3846154
408,61436fa3f9d8cff278f0bf1f,240000000.0,USD,38276.05248,Corporate and Commercial,AI,On Hold,Construction,Boston,Massachusetts,United States of America,2025,"Architecture, Interior Design, Branded Environments",245988483.68522072
409,632af1fbd14a3b5b9c6a62e0,8000000.0,USD,3268.0,Workplace,AI,Completed - Built,Total,Minneapolis,Minnesota,United States of America,2023,"Interior Design, Planning + Strategies",9843317.97235023
410,632af1fbd14a3b5b9c6a62e0,8000000.0,USD,3268.0,Workplace,AI,Completed - Built,Total,Minneapolis,Minnesota,United States of America,2023,"Interior Design, Planning + Strategies",9843317.97235023
411,632af1fbd14a3b5b9c6a62e0,8000000.0,USD,3454.042124,Workplace,AI,Completed - Built,Total,Minneapolis,Minnesota,United States of America,2023,"Interior Design, Planning + Strategies",9843317.97235023
412,632af1fbd14a3b5b9c6a62e0,4900000.0,USD,3268.0,Workplace,AI,Completed - Built,Construction,Minneapolis,Minnesota,United States of America,2023,"Interior Design, Planning + Strategies",6029032.258064516
413,632af1fbd14a3b5b9c6a62e0,4900000.0,USD,3268.0,Workplace,AI,Completed - Built,Construction,Minneapolis,Minnesota,United States of America,2023,"Interior Design, Planning + Strategies",6029032.258064516
414,632af1fbd14a3b5b9c6a62e0,4900000.0,USD,3454.042124,Workplace,AI,Completed - Built,Construction,Minneapolis,Minnesota,United States of America,2023,"Interior Design, Planning + Strategies",6029032.258064516
415,6332098b571d12be8edb2920,140000000.0,USD,10266.0,Health,AI,Under Construction,Construction,Worcester,Massachusetts,United States of America,2023,"Architecture, Interior Design, Urban Design, Landscape Architecture",163947368.42105263
416,6332098b571d12be8edb2920,140000000.0,USD,2090.0,Health,AI,Under Construction,Construction,Worcester,Massachusetts,United States of America,2023,"Architecture, Interior Design, Urban Design, Landscape Architecture",163947368.42105263
417,6332098b571d12be8edb2920,140000000.0,USD,8175.0,Health,AI,Under Construction,Construction,Worcester,Massachusetts,United States of America,2023,"Architecture, Interior Design, Urban Design, Landscape Architecture",163947368.42105263
418,6332098b571d12be8edb2920,140000000.0,USD,8175.46752,Health,AI,Under Construction,Construction,Worcester,Massachusetts,United States of America,2023,"Architecture, Interior Design, Urban Design, Landscape Architecture",163947368.42105263
419,6332098b571d12be8edb2920,80000000.0,USD,10266.0,Health,AI,Under Construction,Construction,Worcester,Massachusetts,United States of America,2023,"Architecture, Interior Design, Urban Design, Landscape Architecture",93684210.5263158
420,6332098b571d12be8edb2920,80000000.0,USD,2090.0,Health,AI,Under Construction,Construction,Worcester,Massachusetts,United States of America,2023,"Architecture, Interior Design, Urban Design, Landscape Architecture",93684210.5263158
421,6332098b571d12be8edb2920,80000000.0,USD,8175.0,Health,AI,Under Construction,Construction,Worcester,Massachusetts,United States of America,2023,"Architecture, Interior Design, Urban Design, Landscape Architecture",93684210.5263158
422,6332098b571d12be8edb2920,80000000.0,USD,8175.46752,Health,AI,Under Construction,Construction,Worcester,Massachusetts,United States of America,2023,"Architecture, Interior Design, Urban Design, Landscape Architecture",93684210.5263158
423,6334931f92b8b43b5e269afc,5846707.0,USD,33445.0,Workplace,AI,Design,Design,New York,New York,United States of America,2024,"Interior Design, Planning + Strategies, Landscape Architecture, FF&E, Architecture, Branded Environments",5101538.460784313
424,632af1fbd14a3b5b9c6a6244,5000000.0,USD,1031.0,Health,AI,In Progress,Construction,Chicago,Illinois,United States of America,2023,Architecture,5297619.047619048
425,64107b7f6414e0c8ab8cfccf,3000000.0,USD,372.0,Sports Recreation and Entertainment,AI,Under Construction,Construction,Boston,Massachusetts,United States of America,2024,"Architecture, Interior Design",3074856.0460652593
426,64107b7f6414e0c8ab8cfccf,3000000.0,USD,371.61216,Sports Recreation and Entertainment,AI,Under Construction,Construction,Boston,Massachusetts,United States of America,2024,"Architecture, Interior Design",3074856.0460652593
427,64de8d7d7a1760b04ba3345d,10500000.0,USD,799.0,Workplace,AI,Under Construction,Construction,New York,New York,United States of America,2024,"Interior Design, FF&E",9161764.705882354
428,64234b804ff1205e2800c457,10.0,USD,2508.0,Health,AI,Completed - Design only,Construction,Dallas,Texas,United States of America,2024,"Architecture, Interior Design",15.170454545454545
429,63d146f0a111fb580e1b70ea,3500000.0,USD,836.0,Sports Recreation and Entertainment,AI,Completed - Built,Project Cost,Denver,Colorado,United States of America,2023,"Architecture, Interior Design",5250000.0
430,64132d79962d9ae8c3e51cb1,2295000.0,USD,1433.0,Workplace,AI,Design,Construction,Dallas,Texas,United States of America,2025,"Interior Design, FF&E",3481619.3181818184
431,64188cc407e2b88ca59939e6,350000000.0,USD,28800.0,Sports Recreation and Entertainment,AI,Design,Construction,Boston,Massachusetts,United States of America,2025,"Architecture, Interior Design, Branded Environments",358733205.3742802
432,642255f5480fa5be588a7360,20000000.0,USD,6689.0,Corporate and Commercial,UD,On Hold,Construction,Detroit ,Michigan,United States of America,2023,Urban Design,26567164.179104477
433,642255f5480fa5be588a7360,20000000.0,USD,6689.0,Corporate and Commercial,UD,On Hold,Construction,Detroit ,Michigan,United States of America,2023,Urban Design,26567164.179104477
434,642255f5480fa5be588a7360,20000000.0,USD,6689.0,Corporate and Commercial,UD,On Hold,Construction,Detroit ,Michigan,United States of America,2023,Urban Design,26567164.179104477
435,642255f5480fa5be588a7360,20000000.0,USD,6689.0,Corporate and Commercial,UD,On Hold,Construction,Detroit ,Michigan,United States of America,2023,Urban Design,26567164.179104477
436,64efa9707a878794f51e1acd,12000000.0,USD,929.0,K-12 Education,AI,Design,Construction,Richmond,Virginia,United States of America,2025,"Architecture, Interior Design, Landscape Architecture, Branded Environments, FF&E",17556164.383561645
437,64efa9707a878794f51e1acd,12000000.0,USD,1464.0,K-12 Education,AI,Design,Construction,Richmond,Virginia,United States of America,2025,"Architecture, Interior Design, Landscape Architecture, Branded Environments, FF&E",17556164.383561645
438,64efa9707a878794f51e1acd,1111.0,USD,929.0,K-12 Education,AI,Design,Primary,Richmond,Virginia,United States of America,2025,"Architecture, Interior Design, Landscape Architecture, Branded Environments, FF&E",1625.4082191780822
439,64efa9707a878794f51e1acd,1111.0,USD,1464.0,K-12 Education,AI,Design,Primary,Richmond,Virginia,United States of America,2025,"Architecture, Interior Design, Landscape Architecture, Branded Environments, FF&E",1625.4082191780822
440,6418ca4f28ee3e887f225e53,90000000.0,USD,35303.0,K-12 Education,AI,Design,Construction,Atlanta,Georgia,United States of America,2025,"Architecture, Branded Environments, Landscape Architecture, Interior Design",128160000.0
441,6418ca4f28ee3e887f225e53,90.0,USD,35303.0,K-12 Education,AI,Design,Construction,Atlanta,Georgia,United States of America,2025,"Architecture, Branded Environments, Landscape Architecture, Interior Design",128.16
442,6501fa00ba23ed4854456dc0,11842993.0,USD,2230.0,K-12 Education,AI,Design,Construction,Fort Worth,Texas,United States of America,2024,Architecture,18277914.05202312
443,6501fa00ba23ed4854456dc0,11842993.0,USD,2230.0,K-12 Education,AI,Design,Construction,Fort Worth,Texas,United States of America,2024,Architecture,18277914.05202312
444,650b2cb388af8fc70c3ed80a,2800000.0,USD,1579.0,Health,AI,Completed - Built,Total,Seattle,Washington,United States of America,2023,Interior Design,3032860.0405679513
445,643f0016d48fe9111c6b0129,9500000.0,USD,2601.0,Science and Technology,AI,Design,Construction,Chicago,Illinois,United States of America,2024,Architecture,9681297.709923664
446,64fe532697c36d6978b16107,425000.0,USD,46.0,Health,AI,Design,Construction,Dallas,Texas,United States of America,2023,"Architecture, Interior Design",671449.7041420118
447,64471ff4103e3bfa33c6ec45,70000000.0,USD,5574.0,Higher Education,AI,Design,Total,Honolulu,Hawaii,United States of America,2024,"Architecture, Interior Design",69869158.87850468
448,64504a41782d9fc482add7a9,161000.0,USD,149.0,Health,AI,Design,Design,Las Vegas,Nevada,United States of America,2024,Architecture,190207.9646017699
449,64397c9448d91b5724680897,11000000.0,USD,2171.0,Cultural and Civic,AI,Design,Construction,Atlanta,Georgia,United States of America,2024,"Architecture, Interior Design, Branded Environments, Reuse + Transformation",15664000.0
450,644fcf2ea63ac6dd2e42b4e5,151000.0,USD,181.0,Health,AI,On Hold,Design,Las Vegas,Nevada,United States of America,2025,Architecture,178393.8053097345
451,6536c1768b81c050b5148a1a,800000.0,USD,1298.0,Health,AI,Completed - Built,Construction,Seattle,Washington,United States of America,2024,"Architecture, Interior Design",832748.538011696
452,64477ed93185bd694e913a72,100000000.0,USD,25899.0,Corporate and Commercial,AI,On Hold,Construction,Washington DC,District of Columbia,United States of America,2025,Architecture,135532994.92385787
453,644a058badf25665029d8e4d,3800000.0,USD,1346.629565,Workplace,AI,Completed - Built,Construction,Houston,Texas,United States of America,2023,"Interior Design, FF&E",6243692.307692308
454,644a058badf25665029d8e4d,3800000.0,USD,1115.0,Workplace,AI,Completed - Built,Construction,Houston,Texas,United States of America,2023,"Interior Design, FF&E",6243692.307692308
455,653a941820ac73cc820b7654,850000.0,USD,93.0,Health,AI,Design,Construction,Boston,Massachusetts,United States of America,2024,"Architecture, Interior Design",871209.2130518234
456,653856925754706cacafbf90,1000000.0,USD,576.0,Health,AI,Completed - Built,Construction,Seattle,Washington,United States of America,2024,Architecture,1040935.6725146199
457,653856925754706cacafbf90,1000000.0,USD,576.0,Health,AI,Completed - Built,Construction,Seattle,Washington,United States of America,2024,Architecture,1040935.6725146199
458,65a16279d06084efd8ba7156,600000.0,USD,57.0,Health,AI,Design,Construction,Rochester,Minnesota,United States of America,2024,"Architecture, Interior Design",783374.0831295843
459,653856925754706cacafbf90,1000000.0,USD,576.0,Health,AI,Completed - Built,Construction,Seattle,Washington,United States of America,2024,Architecture,1040935.6725146199
460,649c8494012027e767318783,66800000.0,USD,11892.0,K-12 Education,AI,Design,construction budget,Austin,Texas,United States of America,2026,"Architecture, Interior Design, FF&E",93871578.94736843
461,645bae49251d4c5b5efb9b95,47000000.0,USD,9632.0,Health,AI,Design,Construction,Columbus,Ohio,United States of America,2024,"Architecture, Interior Design",65530026.10966057
462,65a52ed6aed72e69e2282e39,119037.0,USD,557.0,Workplace,AI,Design,Design,Boston,Massachusetts,United States of America,2025,Interior Design,122007.21305182342
463,65aaacf026cd857a00ee124d,3700000.0,USD,2505.0,Workplace,AI,Design,Total,Austin,Texas,United States of America,2024,Interior Design,5199473.684210527
464,64a57e30db7b8f65c134931a,10000000.0,USD,2975.0,Science and Technology,AI,Design,Total,New York,New York,United States of America,2024,"Architecture, FF&E, Interior Design",8725490.19607843
465,64a57e30db7b8f65c134931a,10000000.0,USD,2287.0,Science and Technology,AI,Design,Total,New York,New York,United States of America,2024,"Architecture, FF&E, Interior Design",8725490.19607843
466,64a57e30db7b8f65c134931a,10000000.0,USD,2044.0,Science and Technology,AI,Design,Total,New York,New York,United States of America,2024,"Architecture, FF&E, Interior Design",8725490.19607843
467,6554fd41473494e155736b4b,34000000.0,USD,8826.0,Workplace,AI,On Hold,Total,San Francisco,California,United States of America,2024,Interior Design,32831826.401446655
468,648169b002a0d8f35868d8ee,250000000.0,USD,23226.0,Higher Education,AI,Design,Construction,San Francisco,California,United States of America,2024,"Architecture, Interior Design, Landscape Architecture, FF&E",241410488.2459313
469,64ac6563feacd7f1bd0747cb,1200000.0,USD,1375.0,Workplace,AI,Design,Total,Dallas,Texas,United States of America,2023,"Interior Design, FF&E",1895857.9881656806
470,6491a94bc6c75aa6b5231ca9,174880.0,USD,1394.0,Workplace,AI,Design,Design,Boston,Massachusetts,United States of America,2023,Interior Design,186399.04191616765
471,6553cb0609a3da5640373802,989560.0,USD,5001.0,Health,AI,Design,Design,Worcester,Massachusetts,United States of America,2025,"Architecture, Interior Design",1114820.759493671
472,6556253751708b757751ff3b,398000.0,USD,2787.0,Health,AI,Design,Construction,Worcester,Massachusetts,United States of America,2024,Architecture,448379.746835443
473,64a5b833e3d7e6ca9116b150,2100000.0,USD,557.0,Health,AI,Pursuit,Construction,Rochester,Minnesota,United States of America,2024,"Architecture, Interior Design",2741809.2909535454
474,64af142c9c41183ebce1e22c,49500000.0,USD,7432.0,Higher Education,AI,Design,Construction,Raleigh,North Carolina,United States of America,2025,"Architecture, Interior Design",75956896.55172414
475,64b6ea45eef43b4f2088306f,1000000.0,USD,2134.0,Workplace,AI,Pursuit,Construction,Charlotte,North Carolina,United States of America,2023,Interior Design,1598802.395209581
476,658082c9af01a68763c9950e,350000.0,USD,40877.0,Cultural and Civic,AI,Design,Total,Dallas,Texas,United States of America,2024,Architecture,530965.9090909091
477,658306ff27d83640e9f6caf8,1.0,USD,2650.0,Workplace,AI,Design,Total,Los Angeles,California,United States of America,2024,Interior Design,1.0637450199203187
478,6572379f1092706b119fc111,68000000.0,USD,10219.0,Cultural and Civic,AI,Pursuit,Total,Norfolk,Virginia,United States of America,2024,"Architecture, Interior Design",102576271.18644068
479,65a0503fd06084efd8ba6ca7,25000000.0,USD,1858.0,Cultural and Civic,AI,Design,Total,San Francisco,California,United States of America,2025,Architecture,24141048.824593127
480,656f5c715ecad6d5634a0299,475000.0,USD,70.0,Health,AI,Design,Construction,Dallas,Texas,United States of America,2024,"Architecture, Interior Design",720596.5909090909
481,64cd41c2ac963beb41ad33d7,145000000.0,USD,46452.0,Corporate and Commercial,AI,On Hold,Construction,Austin,Texas,United States of America,2024,"Architecture, Interior Design",203763157.89473686
482,64d261ec43211ef6bc40a4ea,5150000.0,USD,929.0,K-12 Education,AI,Under Construction,Construction,Austin,Texas,United States of America,2024,"Architecture, Interior Design",7237105.263157895
483,63d37cf522ed5646b386d2cf,212812000.0,USD,26129.0,Science and Technology,AI,Design,Construction,Houston,Texas,United States of America,2025,"Architecture, Interior Design, FF&E, Urban Design, Landscape Architecture",336217775.147929
484,63ff7999193665a0fa81fed1,7600000.0,USD,1509.0,Workplace,AI,Completed - Built,Construction,Austin,Texas,United States of America,2023,Interior Design,11118904.10958904
